timestamp,readableTimestamp,top10,top20,top50,top100,top200,top500
1608336000000,"12/19/2020, 12:00:00 AM",567.0795919667196,588.5105136150987,610.6679210190692,619.5949202260801,624.3923789820905,624.9816082556595
1608422400000,"12/20/2020, 12:00:00 AM",583.0043863797453,604.4209311325029,626.9842521280349,636.0645635538272,640.9658973974618,641.5605785845966
1608508800000,"12/21/2020, 12:00:00 AM",572.839481021716,594.1695997028204,616.5175409630402,625.3156725228766,630.1060914894994,630.7094791705888
1608595200000,"12/22/2020, 12:00:00 AM",552.9695768651096,573.306666499459,594.7311124383743,603.2370604627384,607.841132271188,608.466110506415
1608681600000,"12/23/2020, 12:00:00 AM",571.4350068821169,592.0220879765121,614.0724184626445,622.7118896920052,627.356706743629,627.9844417524009
1608768000000,"12/24/2020, 12:00:00 AM",545.6635482072744,564.3670352113826,584.2597863553489,592.0210679151173,596.1643230048139,596.7272282754867
1608854400000,"12/25/2020, 12:00:00 AM",563.4577060175162,583.4013241648996,604.6593548024235,612.968212133037,617.385782928742,617.9956169324662
1608940800000,"12/26/2020, 12:00:00 AM",580.9593851806663,600.9729435574776,622.3817142601018,630.7680177302434,635.1480733817949,635.7587396793043
1609027200000,"12/27/2020, 12:00:00 AM",614.7617709612468,634.9840072060927,656.9100738763887,665.297126149432,669.6709441443634,670.2759538204858
1609113600000,"12/28/2020, 12:00:00 AM",623.1899442959958,643.6143128177947,665.5162865909926,674.0934815375231,678.5268892210734,679.1439523470976
1609200000000,"12/29/2020, 12:00:00 AM",639.1353427990325,660.4653326766376,683.2433052579751,692.1796560179389,696.6772831231507,697.3117740747401
1609286400000,"12/30/2020, 12:00:00 AM",645.40593505035,666.3144503345527,688.8004821175131,697.6857570268247,702.1238083129791,702.7838835543023
1609372800000,"12/31/2020, 12:00:00 AM",672.475101447984,693.0340133220708,715.4441965715674,724.22926570622,728.6751808415881,729.348789495983
1609459200000,"1/1/2021, 12:00:00 AM",675.5461219210064,696.4704792027525,719.2656111788868,728.0120698626893,732.4234799894791,733.095307901548
1609545600000,"1/2/2021, 12:00:00 AM",681.0144194030864,702.2732796695494,725.3069063509921,734.3547672671759,738.9091143497054,739.599578855925
1609632000000,"1/3/2021, 12:00:00 AM",740.1325048139645,761.5932556862873,784.5185861882921,793.7143288492796,798.2335507062642,798.9395885496725
1609718400000,"1/4/2021, 12:00:00 AM",786.2009148964878,808.6112672253728,832.9663247548376,843.0263940746123,847.9018831334324,848.6253547683565
1609804800000,"1/5/2021, 12:00:00 AM",760.8107307151557,782.1427264459359,807.0527984406697,816.9541588703194,821.7850320880958,822.5164837231149
1609891200000,"1/6/2021, 12:00:00 AM",820.9798308192302,843.2971646794725,870.0172935258043,880.7305654129509,885.88779181619,886.6718897255149
1609977600000,"1/7/2021, 12:00:00 AM",891.785319429505,915.9734860281008,944.3599858820494,956.1339159810813,961.6293414690226,962.450227185635
1610064000000,"1/8/2021, 12:00:00 AM",946.7871866338564,970.036147815674,998.6402446850578,1010.887405540837,1016.5449684045113,1017.3769589673522
1610150400000,"1/9/2021, 12:00:00 AM",969.7178043755656,992.5348470969066,1020.9025305051255,1033.4402596728244,1039.1752339976858,1040.0317659847803
1610236800000,"1/10/2021, 12:00:00 AM",974.7829660578814,1000.9233803928047,1031.773129763361,1045.310520160878,1051.364705235361,1052.2695813142957
1610323200000,"1/11/2021, 12:00:00 AM",933.7429939119266,959.4207731133909,990.8255914318232,1004.1300955661122,1010.0753318282658,1010.9876628096382
1610409600000,"1/12/2021, 12:00:00 AM",853.3806055009758,875.3333415600167,903.217660399883,915.0158247052137,920.4488170666746,921.2955139236439
1610496000000,"1/13/2021, 12:00:00 AM",813.8376560440271,835.6713040360556,863.7547446167654,875.4790071375461,880.9851777916219,881.8318719740769
1610582400000,"1/14/2021, 12:00:00 AM",897.4023214214012,921.1358649904979,951.9962316664574,965.0226928009893,970.9343950627167,971.8244838584642
1610668800000,"1/15/2021, 12:00:00 AM",944.5891228780372,968.3388184260406,999.5415890821216,1012.7517011153985,1018.8367668764615,1019.760227364728
1610755200000,"1/16/2021, 12:00:00 AM",892.307598379665,915.9071928936148,946.7972116808974,960.3221635418945,966.4335242102152,967.3838278919083
1610841600000,"1/17/2021, 12:00:00 AM",897.0613091229684,921.3650990108531,954.1530350732,968.16683989658,974.6693975870146,975.6948698271934
1610928000000,"1/18/2021, 12:00:00 AM",896.5497564017508,920.8228892245369,954.3321934088422,969.0675156971099,975.9031910128414,976.9488497014655
1611014400000,"1/19/2021, 12:00:00 AM",907.9150049957601,932.7683743065925,967.5849320257591,982.6148464461537,989.720404675941,990.8183963972825
1611100800000,"1/20/2021, 12:00:00 AM",911.7045705451521,936.2940070491323,970.1744147028521,985.3125128903721,992.4397669013314,993.5864595018882
1611187200000,"1/21/2021, 12:00:00 AM",901.9013779504245,926.5266389893328,960.672849743289,976.1188146706497,983.36199863621,984.5123047983121
1611273600000,"1/22/2021, 12:00:00 AM",778.8848692324098,800.1484417428882,830.2443708342693,843.6609527443217,850.1931896089088,851.2131848938315
1611360000000,"1/23/2021, 12:00:00 AM",831.1288889218903,853.8482367595217,886.1903324673453,900.696681400859,907.6935553556649,908.7859158583839
1611446400000,"1/24/2021, 12:00:00 AM",817.4593495802695,840.8297425439322,873.873500247565,889.0815772351813,896.2727009334478,897.3951750852652
1611532800000,"1/25/2021, 12:00:00 AM",838.9683434887454,864.9736669675924,898.8110386781796,914.6091776538915,922.1053761528872,923.3071410528963
1611619200000,"1/26/2021, 12:00:00 AM",832.662874552282,858.0798565676465,891.1998822225545,906.6257596601896,914.0252711201398,915.214293641855
1611705600000,"1/27/2021, 12:00:00 AM",839.5016835754449,866.2206094648732,899.4840957368125,915.59900109073,923.189020385772,924.5065489653822
1611792000000,"1/28/2021, 12:00:00 AM",779.1682271669049,804.9822742602825,835.9111131031676,850.866837296064,858.1704706777539,859.5192808552611
1611878400000,"1/29/2021, 12:00:00 AM",847.2017151697587,876.2489528536072,910.8342837526172,927.5025485140758,935.3319529844727,936.8033305404177
1611964800000,"1/30/2021, 12:00:00 AM",872.651524553445,904.1828882941799,939.3636306103191,956.3537480456678,964.3404231483535,965.9071489554751
1612051200000,"1/31/2021, 12:00:00 AM",880.2387698205067,910.9181104277927,946.6487967102488,964.1255609206338,972.3687813784943,974.0356689002456
1612137600000,"2/1/2021, 12:00:00 AM",852.7643081643761,883.9339162737398,919.6604087231194,937.1197513505882,945.4060405839543,947.0644675856066
1612224000000,"2/2/2021, 12:00:00 AM",863.6849293593306,895.8073961932329,933.2420229064246,951.6421403497653,960.2187585627025,961.9299001203067
1612310400000,"2/3/2021, 12:00:00 AM",924.8896121787452,956.6825750374991,995.625188036738,1014.7697613294431,1023.7893023022558,1025.6228874480446
1612396800000,"2/4/2021, 12:00:00 AM",980.8280145114936,1014.8174362448532,1056.0671172760024,1076.418324508276,1086.1705784091937,1088.3203246552364
1612483200000,"2/5/2021, 12:00:00 AM",967.3018913276834,1004.357888526256,1046.7142319020245,1067.5824157041093,1077.6283805458183,1079.7990267498844
1612569600000,"2/6/2021, 12:00:00 AM",1007.770126835245,1047.1734088363846,1093.5711167041752,1116.7469864777356,1128.0065075028444,1130.4136315882915
1612656000000,"2/7/2021, 12:00:00 AM",1032.2122163240429,1071.1524449467433,1116.3714206042584,1138.6595996782075,1149.8090427165048,1152.1652163462823
1612742400000,"2/8/2021, 12:00:00 AM",1015.6541190277296,1056.2312717172174,1102.2964040863765,1124.7002976131942,1136.0789423818608,1138.4785279585196
1612828800000,"2/9/2021, 12:00:00 AM",1177.847728658494,1220.6527024050836,1272.7037062037575,1297.0226917863429,1309.4065518572015,1312.0652894972566
1612915200000,"2/10/2021, 12:00:00 AM",1194.5364390776858,1240.4904708799402,1297.403278809969,1324.2130859512579,1337.9644399617755,1341.0191169595628
1613001600000,"2/11/2021, 12:00:00 AM",1175.3677812305418,1223.3281657542095,1282.9508040637825,1311.1015027313308,1324.944892052552,1328.1829626585454
1613088000000,"2/12/2021, 12:00:00 AM",1233.6142310299463,1283.2459515552798,1346.6817231758198,1377.7629020814609,1393.0216962798056,1396.478882448331
1613174400000,"2/13/2021, 12:00:00 AM",1244.2860121119013,1295.9658392983367,1363.1280006518105,1396.606006811561,1413.049089217406,1416.7261354849973
1613260800000,"2/14/2021, 12:00:00 AM",1240.1352181848467,1292.621425380718,1362.2782170301932,1396.6566393719029,1414.20396706184,1418.0637447562417
1613347200000,"2/15/2021, 12:00:00 AM",1266.314843699801,1316.3108460420458,1383.3786132680423,1416.0679717395299,1433.3054290622,1437.2074918121016
1613433600000,"2/16/2021, 12:00:00 AM",1245.6631883483851,1293.5481868208542,1359.7273786514004,1391.8534225447388,1408.5506233585063,1412.4633557205032
1613520000000,"2/17/2021, 12:00:00 AM",1273.0835291384699,1320.9597085835553,1387.5627367523616,1420.6856313082785,1438.0458820024621,1442.1018877814777
1613606400000,"2/18/2021, 12:00:00 AM",1344.4286607571644,1393.343071668933,1463.8603163874782,1498.642611349077,1516.5863528509058,1520.7926766101946
1613692800000,"2/19/2021, 12:00:00 AM",1350.644898413916,1401.4020694957358,1474.3391353756774,1511.7979992629917,1531.2922815682273,1535.8569952005362
1613779200000,"2/20/2021, 12:00:00 AM",1467.2981977911645,1519.56926105717,1598.2286116690252,1637.630824934381,1658.1493835289832,1662.8528326316496
1613865600000,"2/21/2021, 12:00:00 AM",1460.0307405321444,1512.28451078878,1587.99675124273,1626.405267768121,1646.7608131695126,1651.3278421344892
1613952000000,"2/22/2021, 12:00:00 AM",1496.310060506097,1552.6069441104814,1631.4131110074527,1672.875539496718,1694.3470192197244,1699.2120011373843
1614038400000,"2/23/2021, 12:00:00 AM",1404.975202475011,1460.207144079546,1535.9651464101962,1575.0090764049394,1594.9572963585745,1599.6861963628003
1614124800000,"2/24/2021, 12:00:00 AM",1244.466052079232,1291.8996317923902,1357.8783235254107,1391.8546715299146,1409.0101521132265,1413.1292938443491
1614211200000,"2/25/2021, 12:00:00 AM",1284.8088347806963,1334.8563350447241,1405.0698743338762,1441.8646202947598,1460.4387351853313,1464.824435246027
1614297600000,"2/26/2021, 12:00:00 AM",1206.5740541434236,1252.182064665713,1317.857579153653,1352.1878466922894,1370.2745941420183,1374.751260464071
1614384000000,"2/27/2021, 12:00:00 AM",1200.4236188658958,1246.0722937422624,1310.4587605929346,1344.2141233119212,1361.953813641449,1366.3403243511884
1614470400000,"2/28/2021, 12:00:00 AM",1208.2364431779083,1255.336623702299,1321.1050435815182,1355.0453317062072,1373.284372170038,1377.8165280773824
1614556800000,"3/1/2021, 12:00:00 AM",1167.0488576322018,1212.498700329446,1275.267044271253,1307.4634976562963,1324.6823112766756,1328.9747783416472
1614643200000,"3/2/2021, 12:00:00 AM",1286.6032129505911,1336.2620106783688,1405.9782212575305,1441.9129720197718,1460.8239117528526,1465.6124236944504
1614729600000,"3/3/2021, 12:00:00 AM",1252.029092697686,1302.5679834969687,1371.59571940819,1407.7718775212936,1426.9556929657983,1431.7969943126102
1614816000000,"3/4/2021, 12:00:00 AM",1302.7587660479812,1354.666561311898,1427.0423963333733,1465.8066904671307,1486.4031250053165,1491.772311366525
1614902400000,"3/5/2021, 12:00:00 AM",1256.2794531452582,1307.7206069927547,1378.2420036451713,1416.7109868947198,1436.7062420783213,1442.0601572526166
1614988800000,"3/6/2021, 12:00:00 AM",1255.0229636037282,1305.4410557393471,1375.29642432181,1413.8384797813485,1434.1434208532041,1439.5039079230612
1615075200000,"3/7/2021, 12:00:00 AM",1281.1195955217756,1332.6427571609888,1403.2939795272785,1442.4980081003825,1463.3378774798816,1468.7202371783503
1615161600000,"3/8/2021, 12:00:00 AM",1334.5213028608866,1387.1609837973772,1460.321730813281,1500.567419435163,1522.13268658013,1527.7833297213704
1615248000000,"3/9/2021, 12:00:00 AM",1367.4389922899195,1422.653379973336,1497.582714384432,1539.6171369092415,1562.094180771502,1568.0103011369195
1615334400000,"3/10/2021, 12:00:00 AM",1430.1609796932628,1487.6223047742478,1569.2409268199763,1614.570417730316,1638.5294113826587,1644.9806359441025
1615420800000,"3/11/2021, 12:00:00 AM",1442.3495333222716,1498.095512224628,1578.756485250733,1623.4488210943123,1647.3258896755672,1653.8352231094452
1615507200000,"3/12/2021, 12:00:00 AM",1476.9862558014067,1533.1094571669178,1616.518464509468,1661.8248317648518,1686.7502556200786,1693.6132075341325
1615593600000,"3/13/2021, 12:00:00 AM",1455.1468987440871,1510.0728577912498,1592.7679419487954,1637.3477796643585,1663.0454471962387,1670.1466565276558
1615680000000,"3/14/2021, 12:00:00 AM",1558.998129705363,1616.576628437466,1703.1808508082634,1751.7400602990776,1779.205976184507,1787.028190278894
1615766400000,"3/15/2021, 12:00:00 AM",1511.433121505634,1568.8207701648732,1653.870953881438,1701.8404146307155,1729.8641345850422,1737.9363879968316
1615852800000,"3/16/2021, 12:00:00 AM",1432.9002060047521,1489.3819735568231,1573.0239079088262,1620.8485399276608,1649.0221247224767,1657.1563125578964
1615939200000,"3/17/2021, 12:00:00 AM",1452.9343501437784,1512.1504098075334,1596.4822989276092,1644.9013393906737,1673.0900844835721,1681.727007934931
1616025600000,"3/18/2021, 12:00:00 AM",1507.3458670510058,1568.8944034337915,1656.5795021452832,1707.2100972120556,1736.4643226514963,1745.376078060329
1616112000000,"3/19/2021, 12:00:00 AM",1473.8924585312059,1535.5782165450444,1622.795495887263,1673.7202157201032,1703.3360501533525,1712.4640578209355
1616198400000,"3/20/2021, 12:00:00 AM",1490.1688585208938,1554.2410158379362,1642.4983267914736,1697.401750928721,1728.945479201759,1738.7818915340117
1616284800000,"3/21/2021, 12:00:00 AM",1492.964127113135,1557.413431304362,1644.919212242904,1700.1002762358487,1731.6266843624896,1741.4890557510244
1616371200000,"3/22/2021, 12:00:00 AM",1471.4019931258301,1536.9837125018064,1623.9608825044795,1679.699293979041,1711.5101923041527,1721.3631147083986
1616457600000,"3/23/2021, 12:00:00 AM",1403.2839038510174,1465.9818793318723,1550.2713265393422,1603.4109094274786,1634.3352043126322,1643.918753493595
1616544000000,"3/24/2021, 12:00:00 AM",1397.098788531883,1458.5266184951465,1541.4598576943522,1594.5856857931226,1625.5417224474068,1635.0480451811754
1616630400000,"3/25/2021, 12:00:00 AM",1338.836211679009,1397.8849550313068,1477.4236773737637,1527.8424120700158,1557.375957990291,1566.720946421643
1616716800000,"3/26/2021, 12:00:00 AM",1314.6618950623445,1372.7303858046798,1450.454548500857,1500.2859961379363,1528.8598360058206,1538.0226267460885
1616803200000,"3/27/2021, 12:00:00 AM",1410.0406860567944,1475.055024958653,1559.5104206894537,1615.1568699044267,1646.7627600323528,1656.9774545754522
1616889600000,"3/28/2021, 12:00:00 AM",1427.0721551379029,1492.1778186021681,1578.3394950813617,1635.2278564415174,1668.2948332520423,1678.7983964993496
1616976000000,"3/29/2021, 12:00:00 AM",1420.9690700806307,1486.3717761258265,1573.2678471814204,1630.3899845130168,1664.4153418880794,1675.3073994596978
1617062400000,"3/30/2021, 12:00:00 AM",1478.1603736325715,1545.6614525743141,1636.5368515857592,1696.7118869276521,1732.9508809071726,1744.483165764842
1617148800000,"3/31/2021, 12:00:00 AM",1505.4278896204262,1574.1511212310936,1668.353308763671,1729.3828911077303,1767.0842961253848,1778.938777572455
1617235200000,"4/1/2021, 12:00:00 AM",1519.149983820499,1592.512411661174,1687.1773450618325,1749.7679623365923,1787.3872404263457,1799.352803771966
1617321600000,"4/2/2021, 12:00:00 AM",1531.7596294290013,1606.5125874134128,1702.9253576272354,1766.3461693027105,1805.0753980280376,1817.3071047185272
1617408000000,"4/3/2021, 12:00:00 AM",1562.59253407167,1638.9525989618626,1741.4826395329326,1805.7094594201103,1846.6334559000127,1859.7129463043289
1617494400000,"4/4/2021, 12:00:00 AM",1508.0140713251892,1582.8278279812534,1679.820935073683,1740.9690480663053,1779.2257026483605,1791.8706100949967
1617580800000,"4/5/2021, 12:00:00 AM",1545.1316546987425,1626.3442942499687,1730.7147335873774,1796.4406089483068,1837.7674374387075,1851.1520733464852
1617667200000,"4/6/2021, 12:00:00 AM",1575.842404503287,1661.705412726285,1770.018473977747,1838.6981888449325,1880.9138232692883,1894.8590019109117
1617753600000,"4/7/2021, 12:00:00 AM",1583.6985400648366,1669.4215528181005,1779.070852465475,1847.3298052220955,1888.9220819537497,1902.9881651219096
1617840000000,"4/8/2021, 12:00:00 AM",1513.6177624249478,1593.8784547360776,1697.0748231259568,1762.2937745773045,1801.6752375137971,1815.0221957805866
1617926400000,"4/9/2021, 12:00:00 AM",1573.5169423520683,1657.8124048076977,1767.7202591147386,1837.437407091431,1880.3228601548444,1894.9389771664457
1618012800000,"4/10/2021, 12:00:00 AM",1575.7441081030229,1660.456500615423,1772.3976450925636,1843.2541305825139,1887.1810239227161,1902.2511360820586
1618099200000,"4/11/2021, 12:00:00 AM",1636.539290516535,1724.933203347264,1838.3326952155016,1908.7717729521862,1952.6346203934183,1967.6639738795247
1618185600000,"4/12/2021, 12:00:00 AM",1651.5093704311237,1741.6389558750386,1858.2912829373945,1928.481931170034,1972.784831454561,1988.0756596111062
1618272000000,"4/13/2021, 12:00:00 AM",1669.8818605942317,1758.3579821285641,1874.3468270694025,1945.0170583619451,1988.4411068833847,2003.716280215953
1618358400000,"4/14/2021, 12:00:00 AM",1774.7499427871708,1871.5138132133077,1990.3129715804691,2062.577687555205,2107.0482155172913,2122.9190871558303
1618444800000,"4/15/2021, 12:00:00 AM",1781.5906221488258,1883.7223858033208,2007.962404515968,2083.8866655559505,2128.294246597927,2144.3424842153627
1618531200000,"4/16/2021, 12:00:00 AM",1804.2927311191847,1912.074820651288,2043.5565277131996,2124.5359053121506,2170.626532199781,2187.4503865893794
1618617600000,"4/17/2021, 12:00:00 AM",1778.0529770455096,1892.5701839026808,2025.1599945521582,2106.102011701776,2151.191024798457,2167.4980628400617
1618704000000,"4/18/2021, 12:00:00 AM",1729.3550286524933,1840.4163545591462,1972.8861758113862,2055.241313481887,2100.883474743376,2117.1173172754184
1618790400000,"4/19/2021, 12:00:00 AM",1624.6313700144747,1733.377923043412,1855.8241074169903,1932.1095294507127,1972.9395882175393,1987.9927954419943
1618876800000,"4/20/2021, 12:00:00 AM",1610.1323381227035,1712.1582958036458,1826.0562036011152,1897.1413888956108,1936.0385368261348,1950.5876462724675
1618963200000,"4/21/2021, 12:00:00 AM",1649.0582385632006,1755.8040271614907,1873.5328821833357,1945.6479234438898,1985.3848660153444,2000.3573863522217
1619049600000,"4/22/2021, 12:00:00 AM",1597.2327732898384,1698.4820797291925,1813.2831103720368,1884.434172155525,1923.406726953077,1937.9572369871094
1619136000000,"4/23/2021, 12:00:00 AM",1540.403504043219,1635.5693774125673,1744.3342710072118,1810.1846484436192,1846.2755519679492,1859.9887298955118
1619222400000,"4/24/2021, 12:00:00 AM",1514.6687781332453,1607.9374428613091,1715.5519167199413,1780.7194489259832,1815.14570913235,1828.3012366981784
1619308800000,"4/25/2021, 12:00:00 AM",1467.0890285672638,1557.1529924115428,1659.4573149140983,1720.4218964312643,1753.5705625350906,1766.2485936038267
1619395200000,"4/26/2021, 12:00:00 AM",1451.975051511867,1542.9795030882253,1645.193748545847,1705.3325833336337,1738.4873629656838,1751.1243202731328
1619481600000,"4/27/2021, 12:00:00 AM",1605.6882133512597,1705.740258923541,1821.7434639885867,1892.184539646473,1930.0338353972877,1944.3726312073586
1619568000000,"4/28/2021, 12:00:00 AM",1651.588974225817,1755.4808759157722,1880.04356343949,1956.0455128360811,1997.5160072737397,2013.1753839513112
1619654400000,"4/29/2021, 12:00:00 AM",1665.4501144790972,1768.0094020010351,1891.4089871605129,1965.7440849570319,2006.849023426225,2022.5803601466964
1619740800000,"4/30/2021, 12:00:00 AM",1649.8104530683854,1750.892072577652,1875.2541788814451,1949.0928218844472,1991.3986956514284,2007.9966192524391
1619827200000,"5/1/2021, 12:00:00 AM",1754.4705247851111,1860.6091044506513,1991.8057172366252,2070.3702065600346,2115.097840119019,2132.4844805666635
1619913600000,"5/2/2021, 12:00:00 AM",1782.299396571226,1895.3466352230655,2030.7575051576118,2110.7003822208603,2156.976067110278,2174.5340487452013
1620000000000,"5/3/2021, 12:00:00 AM",1753.6388065013994,1867.3112735210234,2001.1323868534193,2080.421913667529,2126.9326645939027,2144.7454687476684
1620086400000,"5/4/2021, 12:00:00 AM",1842.0715409157385,1956.97172369589,2098.150619809019,2178.740330024149,2227.1700413606864,2245.7272572071934
1620172800000,"5/5/2021, 12:00:00 AM",1749.1387455888914,1857.7660154615157,1988.914355732654,2063.3687470370955,2107.5587720793205,2124.806943015507
1620259200000,"5/6/2021, 12:00:00 AM",1900.063132073856,2022.9472012708825,2167.8705158697594,2249.433384293819,2297.0825466398965,2315.3248233047984
1620345600000,"5/7/2021, 12:00:00 AM",1877.0332660412703,2007.6246457266302,2154.909497665127,2240.046163648034,2287.0124527614025,2304.8431630968016
1620432000000,"5/8/2021, 12:00:00 AM",1896.9390494901234,2025.6339335983942,2172.422875438185,2258.59289744041,2305.5788500352937,2323.2415112702765
1620518400000,"5/9/2021, 12:00:00 AM",1964.6087614381545,2094.011817767173,2242.5334811359326,2329.197500614122,2377.160652376067,2395.1900174905086
1620604800000,"5/10/2021, 12:00:00 AM",1962.8237073045166,2091.4863853146444,2241.0543962371094,2327.968163180021,2375.946911565561,2393.8710353803453
1620691200000,"5/11/2021, 12:00:00 AM",1886.591394090065,2006.9148689374465,2150.186515215404,2232.811806651287,2278.2871999660947,2295.3511423245195
1620777600000,"5/12/2021, 12:00:00 AM",1951.6357275391563,2082.3303696306652,2236.7648492749377,2324.952370545697,2372.652000311125,2390.488097446773
1620864000000,"5/13/2021, 12:00:00 AM",1764.4803997132506,1881.406346973235,2026.9800442405904,2107.368335710976,2151.2173706227327,2168.0166355248166
1620950400000,"5/14/2021, 12:00:00 AM",1744.7797283888574,1857.767417520758,1998.671402183159,2076.0967890541124,2117.869713732535,2133.966520513157
1621036800000,"5/15/2021, 12:00:00 AM",1818.8942695511378,1939.4372923666033,2090.818273579312,2174.3402606052464,2218.647484599692,2236.0366157595477
1621123200000,"5/16/2021, 12:00:00 AM",1695.5459092206013,1810.4492758208864,1955.2509097833577,2033.8984992777623,2075.233174459353,2091.6417390666616
1621209600000,"5/17/2021, 12:00:00 AM",1683.2761504694056,1800.4163249290616,1946.0071872281878,2024.740353975179,2066.4103724012084,2082.8050677323818
1621296000000,"5/18/2021, 12:00:00 AM",1572.6581258842714,1683.9516398196724,1822.2326929723981,1896.0061687552088,1935.1118764107348,1950.6244944377936
1621382400000,"5/19/2021, 12:00:00 AM",1567.2909610854952,1687.306634044555,1829.6457388739632,1906.8022043704455,1947.469749820464,1963.312475614434
1621468800000,"5/20/2021, 12:00:00 AM",1255.2667724342364,1336.578502915477,1434.8601655256227,1487.8516640079429,1516.8897955133496,1528.4179514218126
1621555200000,"5/21/2021, 12:00:00 AM",1377.0332385003057,1469.1318214823623,1577.1123658091833,1637.3159560871889,1669.5962346028195,1682.1598926959637
1621641600000,"5/22/2021, 12:00:00 AM",1235.8875601793056,1319.9394766823182,1414.715196281262,1469.3435989651935,1498.7230162471835,1510.1516820744105
1621728000000,"5/23/2021, 12:00:00 AM",1214.4861452244363,1291.9349343505066,1381.041882998296,1431.916047986148,1459.94156663675,1470.888947500445
1621814400000,"5/24/2021, 12:00:00 AM",1113.3197791897871,1180.2684130947857,1257.2390586018748,1300.0863016830867,1323.6462930543832,1332.7470043705632
1621900800000,"5/25/2021, 12:00:00 AM",1292.5584721484527,1379.2532762962599,1474.501183032634,1528.4259420030075,1557.0290512992603,1568.2120287835144
1621987200000,"5/26/2021, 12:00:00 AM",1285.042850905928,1374.179488249732,1469.2820676095357,1523.5876212885216,1552.5950069859937,1563.7948693793408
1622073600000,"5/27/2021, 12:00:00 AM",1351.8947543872998,1451.7798135840846,1552.979562673503,1613.9552936423518,1646.1203678601946,1658.523205319426
1622160000000,"5/28/2021, 12:00:00 AM",1309.810972003128,1405.8761229233542,1502.761846192984,1561.211871054789,1592.7338977805275,1605.1182734316494
1622246400000,"5/29/2021, 12:00:00 AM",1194.4582386055172,1280.429648540323,1368.4101282857805,1421.3392451168181,1449.6171834177874,1460.4830470999946
1622332800000,"5/30/2021, 12:00:00 AM",1153.200934424653,1234.1120539557771,1319.3192247957961,1369.7631591570694,1396.6881808900337,1407.1708948879323
1622419200000,"5/31/2021, 12:00:00 AM",1188.3892877772328,1272.2319344805805,1360.072992357688,1412.243005500413,1440.421975827383,1451.5542471066206
1622505600000,"6/1/2021, 12:00:00 AM",1280.4870213683253,1372.33302816756,1468.0457558432918,1524.4201263458651,1554.712726019299,1566.8244315956927
1622592000000,"6/2/2021, 12:00:00 AM",1265.9465298314944,1356.5914379237347,1450.6555055474307,1505.9085254431684,1535.4116728942347,1547.7142694313495
1622678400000,"6/3/2021, 12:00:00 AM",1308.4679568749586,1401.2400081572378,1501.6980712732422,1559.3917354263538,1590.2613280665673,1603.1901483812212
1622764800000,"6/4/2021, 12:00:00 AM",1364.4352425222908,1464.6741730003832,1571.0344222886538,1632.40791232484,1664.6947182008987,1678.2075737727253
1622851200000,"6/5/2021, 12:00:00 AM",1279.3677924139897,1371.639714708082,1469.7184572734502,1526.0208047027702,1556.09161863305,1568.8466064469274
1622937600000,"6/6/2021, 12:00:00 AM",1231.2253192885564,1320.5963286670583,1415.1760506698745,1469.3984316076617,1498.713939462879,1510.9096614437071
1623024000000,"6/7/2021, 12:00:00 AM",1255.4279218092258,1346.9656634394278,1443.7160261015017,1499.460179649885,1529.6198154264612,1542.6631934128056
1623110400000,"6/8/2021, 12:00:00 AM",1172.601171727238,1257.1273931683704,1347.2754354392478,1398.5399632648075,1426.671935727584,1438.7006598605712
1623196800000,"6/9/2021, 12:00:00 AM",1168.2691102344586,1252.2477256783905,1342.4569008129922,1392.8727502089218,1420.1273831617245,1431.8769504638792
1623283200000,"6/10/2021, 12:00:00 AM",1267.486883427724,1355.0131816140508,1450.6918408737815,1504.3508315216325,1533.3735768634751,1545.9691524622897
1623369600000,"6/11/2021, 12:00:00 AM",1226.415980704346,1307.4637319458743,1398.7001123913053,1449.6103476304083,1476.9462831019916,1489.139548680147
1623456000000,"6/12/2021, 12:00:00 AM",1204.8569716466368,1279.4366069811574,1365.580854656438,1413.6445033143584,1439.431757098256,1451.0384692419752
1623542400000,"6/13/2021, 12:00:00 AM",1180.7836620312937,1257.2687547473292,1342.209702324995,1389.5223198859953,1414.8558720163078,1426.309264141175
1623628800000,"6/14/2021, 12:00:00 AM",1272.754871321899,1353.694477113214,1444.1849291086417,1494.2013396111206,1520.7059619524794,1532.738565550598
1623715200000,"6/15/2021, 12:00:00 AM",1315.6600130844424,1399.1950417533235,1492.7967405456875,1544.568954505602,1571.9915854449982,1584.3392369956023
1623801600000,"6/16/2021, 12:00:00 AM",1304.5653189140928,1387.3294578735677,1482.6987614288998,1534.7495522982651,1562.3450900878042,1574.812285446367
1623888000000,"6/17/2021, 12:00:00 AM",1228.4399346643117,1306.7728662139125,1397.6645139305574,1447.3222347409774,1473.5536561138579,1485.495496525037
1623974400000,"6/18/2021, 12:00:00 AM",1227.6821486454648,1306.784925651159,1398.0550962453376,1448.3152433880598,1474.9800838946705,1487.0716776069717
1624060800000,"6/19/2021, 12:00:00 AM",1159.9772929879214,1233.9960897007377,1319.8558643589893,1366.8165237850023,1392.1646558474665,1403.523030917462
1624147200000,"6/20/2021, 12:00:00 AM",1140.9506575873704,1213.4406751656381,1297.9498723445008,1345.244330264711,1369.9996069609817,1381.3073537386058
1624233600000,"6/21/2021, 12:00:00 AM",1155.6905698651212,1228.5640174906914,1314.1457449192237,1362.2363766884962,1387.0190364897376,1398.3550449074448
1624320000000,"6/22/2021, 12:00:00 AM",996.6602598768335,1053.9595612749788,1122.9021073147371,1161.374062698006,1181.6668446118586,1190.8668087722967
1624406400000,"6/23/2021, 12:00:00 AM",989.5857789834942,1043.6889725835676,1108.7433781134898,1145.1310239162583,1164.2911918455848,1173.0134887283234
1624492800000,"6/24/2021, 12:00:00 AM",1050.138481193782,1110.7316122908248,1181.5909255660072,1221.4353317455057,1242.6652675703097,1252.0782668205984
1624579200000,"6/25/2021, 12:00:00 AM",1082.5960003651735,1145.4829917113389,1219.2141097042731,1260.2330225266114,1282.197226629996,1291.9890130014617
1624665600000,"6/26/2021, 12:00:00 AM",998.4474128272221,1056.20328824018,1124.1281600122898,1162.1676330336375,1182.766327682828,1191.880156850319
1624752000000,"6/27/2021, 12:00:00 AM",992.3509453613707,1049.377567460832,1116.1238670812727,1153.6435964444702,1174.1441930133753,1183.2039234820804
1624838400000,"6/28/2021, 12:00:00 AM",1072.2091268417753,1134.2664836635074,1204.5123254257649,1244.4189001032262,1266.161134125505,1275.7169521248866
1624924800000,"6/29/2021, 12:00:00 AM",1085.2688747631719,1149.4608544396347,1223.558038009975,1265.1071748295851,1287.67395228212,1297.7039644023564
1625011200000,"6/30/2021, 12:00:00 AM",1131.5561470565624,1201.3055117478161,1278.1682378389944,1322.4973736692116,1346.4624614907414,1357.1228540569766
1625097600000,"7/1/2021, 12:00:00 AM",1129.0746893625706,1198.2385217383573,1276.2782926153054,1321.8392427728118,1346.2494560244875,1356.9199233501336
1625184000000,"7/2/2021, 12:00:00 AM",1070.8329421094857,1135.6687810825288,1210.190240846117,1253.501573212422,1277.1477139774597,1287.4490836457117
1625270400000,"7/3/2021, 12:00:00 AM",1078.9062067038592,1143.4751562324009,1218.5111673872138,1262.2348419357083,1286.0126759789393,1296.3365593614303
1625356800000,"7/4/2021, 12:00:00 AM",1108.5398187200915,1174.8551443046126,1252.035726248656,1296.9889962060552,1321.5566703871693,1332.272050653119
1625443200000,"7/5/2021, 12:00:00 AM",1140.8014104477702,1207.99001536835,1287.2621891262627,1333.9951135545964,1359.2749041202142,1370.4301020920652
1625529600000,"7/6/2021, 12:00:00 AM",1092.898413385364,1157.301900510559,1236.3356344753022,1282.1577978118735,1306.8710793332755,1317.6618570993555
1625616000000,"7/7/2021, 12:00:00 AM",1113.7908322502294,1179.4484338861118,1260.346867542949,1307.9464445419453,1333.3209862217107,1344.6716003564206
1625702400000,"7/8/2021, 12:00:00 AM",1109.719674479143,1175.0312335556791,1256.0948121279732,1304.4280366481635,1330.332345478149,1342.0436656216054
1625788800000,"7/9/2021, 12:00:00 AM",1057.5569566024199,1118.8753858274968,1195.8486526127026,1241.2399932743576,1265.339874195395,1276.307503358942
1625875200000,"7/10/2021, 12:00:00 AM",1084.9201515271784,1147.2096347343004,1227.2116965142532,1274.1109033131968,1298.6887324622041,1309.924435673626
1625961600000,"7/11/2021, 12:00:00 AM",1073.3016285456679,1134.0779255743723,1213.1211929785102,1259.3949362712133,1283.8351774246316,1295.0300616245806
1626048000000,"7/12/2021, 12:00:00 AM",1088.5420291588655,1149.821359328456,1230.4563092420087,1277.6435421354897,1302.6156008614887,1314.170931990473
1626134400000,"7/13/2021, 12:00:00 AM",1052.300114495497,1111.1100696597432,1190.0786544042576,1235.4527838424187,1259.7788223696737,1271.0621237379041
1626220800000,"7/14/2021, 12:00:00 AM",1024.2656459541531,1080.9747408245084,1156.9901302996204,1200.877339361011,1224.6235784992778,1235.7968241257863
1626307200000,"7/15/2021, 12:00:00 AM",1033.117782159609,1089.979281209617,1165.4281807956363,1209.8046175114387,1233.8203544415971,1245.2069073092916
1626393600000,"7/16/2021, 12:00:00 AM",997.9195530583693,1051.8168711364476,1125.4658405874936,1168.5060126681497,1191.8603137856696,1202.9641688804763
1626480000000,"7/17/2021, 12:00:00 AM",977.8084753547197,1028.760898444585,1099.8660503604037,1140.8918899020093,1162.883596853938,1173.4097014811528
1626566400000,"7/18/2021, 12:00:00 AM",986.812845921442,1038.0432103862875,1109.8427450636677,1151.3967431817878,1173.6759293051582,1184.2869479016704
1626652800000,"7/19/2021, 12:00:00 AM",994.0762546164281,1045.7548765137901,1118.1641164000057,1159.7553439487385,1182.3708009135366,1193.01092235563
1626739200000,"7/20/2021, 12:00:00 AM",958.7248721788357,1007.6628680160773,1075.9857709456246,1115.4034403783535,1136.6474587121627,1146.7966471024088
1626825600000,"7/21/2021, 12:00:00 AM",927.064835648042,973.3310438935786,1038.6191077488525,1075.360154801807,1095.63122118081,1105.207871104276
1626912000000,"7/22/2021, 12:00:00 AM",1009.6674773022015,1061.5484402075663,1132.2424767088073,1172.9021253249396,1194.8861312559948,1205.3872713184946
1626998400000,"7/23/2021, 12:00:00 AM",1019.0991859790566,1073.310454941174,1146.8235065341564,1188.7730136626442,1211.3482005498865,1222.217206866941
1627084800000,"7/24/2021, 12:00:00 AM",1052.8520644721384,1108.7162007691352,1185.0634802077689,1228.5978590098923,1252.2357018587418,1263.5576930759057
1627171200000,"7/25/2021, 12:00:00 AM",1077.7046272392272,1136.7756101236942,1214.8683487977078,1259.7572861992298,1284.1784901649369,1295.9688768638637
1627257600000,"7/26/2021, 12:00:00 AM",1104.5403179019174,1163.8536480270604,1243.632827186165,1289.4722997825124,1314.7326445310853,1326.9495155435454
1627344000000,"7/27/2021, 12:00:00 AM",1148.4847443499705,1208.2083118961257,1288.649628284085,1334.7408963803778,1360.1154363015296,1372.4258006096074
1627430400000,"7/28/2021, 12:00:00 AM",1187.5544558336221,1248.94557615299,1331.9138822863258,1378.5879896272406,1404.590648349374,1417.609809743139
1627516800000,"7/29/2021, 12:00:00 AM",1213.39763246308,1274.6300842528433,1359.1781925091414,1406.5096406043215,1432.797606377138,1446.1893813456613
1627603200000,"7/30/2021, 12:00:00 AM",1227.2219833762251,1290.4205616671845,1377.5398351490287,1426.786803519165,1453.906510947196,1467.8472930998767
1627689600000,"7/31/2021, 12:00:00 AM",1274.8288491083044,1340.3684211499537,1429.6006899092295,1480.9338050372564,1508.9661245325324,1523.4345141100166
1627776000000,"8/1/2021, 12:00:00 AM",1287.878188642336,1355.6397441640945,1446.5400462896744,1499.2021997974712,1527.986998292484,1543.0221759901096
1627862400000,"8/2/2021, 12:00:00 AM",1247.3685579681062,1312.750755960717,1401.8405817609002,1452.6970036241507,1480.6590015298905,1495.2960968473355
1627948800000,"8/3/2021, 12:00:00 AM",1249.4109961534616,1315.1220684635837,1405.80384623325,1457.6216725247416,1486.14664153993,1501.4029725883734
1628035200000,"8/4/2021, 12:00:00 AM",1218.3054937618415,1284.3452427418065,1372.2969847595782,1423.0332080075711,1450.9808354050328,1465.9698155615758
1628121600000,"8/5/2021, 12:00:00 AM",1275.9145798452064,1344.0212636055376,1436.41604003464,1489.3987691871853,1518.8140765944033,1534.8294494773925
1628208000000,"8/6/2021, 12:00:00 AM",1309.5748036438476,1379.763972293521,1474.7000665859277,1528.74435435287,1559.0418842133404,1575.8618438010792
1628294400000,"8/7/2021, 12:00:00 AM",1356.9234733229255,1429.7269938326233,1526.9707246635737,1582.9496720897873,1614.5336109246641,1631.9833478338758
1628380800000,"8/8/2021, 12:00:00 AM",1438.1007143912645,1517.403795447568,1618.8535899923068,1676.8382665519416,1709.5191446113317,1727.4098508278025
1628467200000,"8/9/2021, 12:00:00 AM",1395.4190514558259,1469.5126323038073,1566.5053831248147,1621.7458635314554,1653.0664193936416,1670.3738352784562
1628553600000,"8/10/2021, 12:00:00 AM",1454.9470558361966,1532.9807017659798,1633.2141062780827,1691.416486810115,1724.585936128982,1742.5278089298201
1628640000000,"8/11/2021, 12:00:00 AM",1464.8807633398158,1545.900989466345,1649.8647417480129,1710.48386144795,1745.6075253930255,1763.9205903264924
1628726400000,"8/12/2021, 12:00:00 AM",1488.718279703478,1573.954752080799,1681.878016719875,1743.9499112522917,1780.3495808003686,1799.6609648082112
1628812800000,"8/13/2021, 12:00:00 AM",1448.1667229618452,1530.1968627322146,1636.6477262224078,1697.681861434421,1733.6732791391248,1752.5908736007514
1628899200000,"8/14/2021, 12:00:00 AM",1565.177136249169,1654.9964069286236,1768.7293417344167,1834.3232490598778,1873.3113964328713,1893.8968638840686
1628985600000,"8/15/2021, 12:00:00 AM",1566.9570329507478,1657.4965833534397,1772.0369716025784,1838.3063382453447,1877.5606413801856,1898.3197515716383
1629072000000,"8/16/2021, 12:00:00 AM",1574.776954815131,1668.0005577566528,1783.5770859080071,1850.4031009021446,1889.9218869853123,1911.0024764546204
1629158400000,"8/17/2021, 12:00:00 AM",1539.0256419962866,1632.3033592968943,1747.5719234405549,1814.5372504862994,1854.4671274628565,1875.6213016398688
1629244800000,"8/18/2021, 12:00:00 AM",1474.281238014623,1562.2193289466009,1672.9168648874402,1737.0250446670314,1774.9720532660356,1795.1264736610437
1629331200000,"8/19/2021, 12:00:00 AM",1501.7031024650653,1591.7079031288117,1704.7616295334747,1770.3258030655722,1809.0753441153606,1829.5955281683657
1629417600000,"8/20/2021, 12:00:00 AM",1536.494837208435,1628.975903829936,1745.2974463748665,1812.106155497265,1852.5242030536363,1873.8230294715775
1629504000000,"8/21/2021, 12:00:00 AM",1635.312502686603,1734.4812831523725,1857.160003580864,1928.6877862386636,1971.5090127570838,1994.1992360244378
1629590400000,"8/22/2021, 12:00:00 AM",1622.8410986199124,1720.35583502668,1844.0005226156675,1916.5053507940993,1959.517148342162,1982.4187151860183
1629676800000,"8/23/2021, 12:00:00 AM",1635.9732257831806,1734.019741277808,1858.2107662000199,1931.6109506846892,1975.4930552416283,1998.8333000382956
1629763200000,"8/24/2021, 12:00:00 AM",1669.5019439498587,1770.0448807724683,1897.6781473041576,1973.451880362001,2018.7397202369405,2043.110168150746
1629849600000,"8/25/2021, 12:00:00 AM",1601.980131529542,1698.6391817231665,1818.2751464750481,1889.4171486932796,1932.7279247145673,1956.4919600405237
1629936000000,"8/26/2021, 12:00:00 AM",1632.5907255950028,1729.380732913146,1851.9319415330767,1925.3535437086348,1970.7422980972449,1996.0160665233159
1630022400000,"8/27/2021, 12:00:00 AM",1573.1515656429776,1663.3572039223632,1779.2422995892002,1848.607671143248,1891.6410224083422,1916.0499763189348
1630108800000,"8/28/2021, 12:00:00 AM",1650.409662372976,1746.7406416369147,1868.3350167224926,1941.8786746387066,1987.158463691655,2012.8300386508367
1630195200000,"8/29/2021, 12:00:00 AM",1641.2787107451977,1737.2112367380623,1858.5527950963312,1932.4646403692761,1978.1435111970113,2003.6220801420286
1630281600000,"8/30/2021, 12:00:00 AM",1635.6126134841654,1732.359026639946,1853.6104356095839,1927.6458485662847,1973.5842205666693,1999.0626441635122
1630368000000,"8/31/2021, 12:00:00 AM",1596.4604894425122,1687.651366302657,1805.3725197908907,1878.1190571506645,1923.0209071589836,1948.1854835486502
1630454400000,"9/1/2021, 12:00:00 AM",1639.3973202471875,1732.8343774996044,1854.86859299267,1928.9340256999494,1974.7818290561154,2000.4643497572308
1630540800000,"9/2/2021, 12:00:00 AM",1720.7095697955588,1819.4429645839123,1948.6261388995051,2026.4217748004482,2074.1108109975057,2101.430666402423
1630627200000,"9/3/2021, 12:00:00 AM",1738.714775290421,1839.4940473475906,1969.6380783696977,2047.5675114912383,2095.315881133929,2122.758730014142
1630713600000,"9/4/2021, 12:00:00 AM",1773.9484431577155,1876.9419959489014,2011.4214133846795,2091.520860723074,2140.2992115762213,2168.7242285236393
1630800000000,"9/5/2021, 12:00:00 AM",1766.956177700681,1875.4562157644796,2013.8668548275027,2095.6712737081666,2146.292900424595,2176.231452985843
1630886400000,"9/6/2021, 12:00:00 AM",1814.6087868095005,1932.26881289785,2075.1706701702724,2160.1585786564783,2211.482667567347,2241.8975553920322
1630972800000,"9/7/2021, 12:00:00 AM",1843.0057569211565,1959.9588395801363,2109.736323032305,2197.5136409902548,2249.807983066384,2281.8199733766605
1631059200000,"9/8/2021, 12:00:00 AM",1622.9264378385783,1718.4335786210465,1847.1297839842805,1920.5692622904132,1965.157510487619,1992.5285813604223
1631145600000,"9/9/2021, 12:00:00 AM",1619.7110972269281,1718.946453774433,1853.3164567314277,1928.2302686950002,1973.5793777097433,2001.4054171817872
1631232000000,"9/10/2021, 12:00:00 AM",1621.538537843287,1725.1242545605612,1864.6558572538434,1942.01069719659,1989.7334580812833,2018.4437166724424
1631318400000,"9/11/2021, 12:00:00 AM",1549.098842001672,1648.3450194275692,1784.7722493151364,1857.2921043363492,1902.1850269312556,1929.677271458648
1631404800000,"9/12/2021, 12:00:00 AM",1574.0095288852265,1675.3882400425596,1812.8527184462957,1886.4819998765597,1933.1501225980817,1961.6339006057415
1631491200000,"9/13/2021, 12:00:00 AM",1623.3530726404294,1732.1840961415692,1875.8374254993178,1952.4279921640464,2000.6958854167106,2030.0543595054512
1631577600000,"9/14/2021, 12:00:00 AM",1569.6917839423697,1672.0295426435362,1805.8538240604487,1879.5266733893504,1925.2742497612066,1953.4060529155006
1631664000000,"9/15/2021, 12:00:00 AM",1626.016128321128,1730.4052850167468,1874.0327796855904,1951.0200051176944,1999.0511705386452,2028.403757853642
1631750400000,"9/16/2021, 12:00:00 AM",1672.183947490566,1780.5149040558965,1929.3173542578352,2009.1152684748406,2058.70255770891,2088.9579611115455
1631836800000,"9/17/2021, 12:00:00 AM",1658.1308585337842,1766.6906561519231,1912.6343448450496,1991.206057584956,2040.9697831858382,2071.157290393559
1631923200000,"9/18/2021, 12:00:00 AM",1621.3500848528568,1725.5396814452888,1865.8441641714126,1940.9731720178881,1989.6195175797827,2018.950555999986
1632009600000,"9/19/2021, 12:00:00 AM",1648.1350873082467,1755.409731256621,1897.7125249498,1973.8590090875596,2023.826463810457,2053.841069000465
1632096000000,"9/20/2021, 12:00:00 AM",1609.8413590043183,1715.7871000640262,1854.9287045046387,1929.5176152550134,1977.9408129621913,2007.6015115901762
1632182400000,"9/21/2021, 12:00:00 AM",1438.7958836689745,1529.4195395867182,1648.7515580826455,1713.3698709597722,1754.7919207239838,1780.5989061714283
1632268800000,"9/22/2021, 12:00:00 AM",1351.4736110252823,1435.068547077501,1547.3413095303854,1609.032459060182,1647.7224997597316,1672.0125665299893
1632355200000,"9/23/2021, 12:00:00 AM",1492.4195989708055,1588.3879179197354,1715.0796895309381,1784.5666512037155,1829.0791822971632,1856.4002007347171
1632441600000,"9/24/2021, 12:00:00 AM",1539.0818640266725,1638.013890134431,1769.2165590484783,1841.2480624456277,1887.508958780551,1915.732638206634
1632528000000,"9/25/2021, 12:00:00 AM",1466.757510224802,1558.794044555538,1682.6318601730925,1750.5877205518432,1794.4094811293155,1820.9125869810464
1632614400000,"9/26/2021, 12:00:00 AM",1457.6335326034355,1548.401768498986,1669.8821064145745,1736.7330398815452,1779.7633922030977,1806.082501140593
1632700800000,"9/27/2021, 12:00:00 AM",1482.0271219023957,1574.699514915085,1694.6947661835047,1762.4763726756216,1805.1163445621896,1831.0611982285166
1632787200000,"9/28/2021, 12:00:00 AM",1429.554349583301,1518.4171889253287,1636.8997448109415,1702.4491174264115,1744.5681110636826,1770.2138609323754
1632873600000,"9/29/2021, 12:00:00 AM",1384.4642528589263,1469.7042047934997,1585.5580884551164,1648.55268664907,1688.707423826745,1713.137031619655
1632960000000,"9/30/2021, 12:00:00 AM",1406.700703515882,1494.2239753117171,1611.2798512502493,1675.1285838251836,1716.015082531357,1740.8716207057605
1633046400000,"10/1/2021, 12:00:00 AM",1483.6409809858212,1574.5062843627334,1693.4697869574532,1760.2422355735785,1803.2777687109487,1829.467910438685
1633132800000,"10/2/2021, 12:00:00 AM",1621.7715992408762,1721.7941117666137,1853.3352203464829,1925.4139246920436,1971.7685434515508,2000.1971534665033
1633219200000,"10/3/2021, 12:00:00 AM",1631.433626818044,1733.1357881432245,1865.6560646686173,1938.9822873592157,1985.9866182917115,2015.024844971615
1633305600000,"10/4/2021, 12:00:00 AM",1649.5955074313565,1754.465790980734,1890.5455469269891,1965.894539046398,2013.760118112889,2043.207119241475
1633392000000,"10/5/2021, 12:00:00 AM",1661.830216187091,1764.0836771870424,1901.9315351852897,1977.2243755870552,2024.2226956608415,2053.5650172085993
1633478400000,"10/6/2021, 12:00:00 AM",1726.9259191052345,1832.9598468907616,1975.2398017547825,2052.1940793386493,2100.7265326691913,2131.2949326000526
1633564800000,"10/7/2021, 12:00:00 AM",1800.7952311706233,1910.3246316734135,2051.7357675452176,2127.3683530371995,2176.104901266042,2206.630479346723
1633651200000,"10/8/2021, 12:00:00 AM",1774.8381556422778,1882.4999434380013,2026.624694689523,2102.0573905039455,2151.5089795574427,2182.6734695894825
1633737600000,"10/9/2021, 12:00:00 AM",1767.5137493245409,1876.5331574677118,2021.7450007778111,2097.9914066019346,2147.9941633558246,2179.644728037455
1633824000000,"10/10/2021, 12:00:00 AM",1800.9218615246602,1911.410352168127,2060.75128303138,2139.232921473835,2190.389435082159,2222.481034656306
1633910400000,"10/11/2021, 12:00:00 AM",1760.6644381893086,1864.6347265297438,2005.1426267984054,2081.6735877746514,2130.9567184382286,2162.1454093361967
1633996800000,"10/12/2021, 12:00:00 AM",1825.4526644442226,1929.232388532666,2070.534868437903,2146.659667559501,2195.9191046042924,2227.6483351570305
1634083200000,"10/13/2021, 12:00:00 AM",1809.460097324996,1911.8727398444628,2052.6998655379907,2128.1489069064846,2176.658440458126,2208.600479948167
1634169600000,"10/14/2021, 12:00:00 AM",1858.041117837615,1963.9348452614536,2108.840910791004,2185.69974894714,2235.8123324521134,2269.100141548295
1634256000000,"10/15/2021, 12:00:00 AM",1878.382882430596,1986.4652432198143,2132.8046440182447,2210.18488627533,2261.083564964346,2295.2944023512496
1634342400000,"10/16/2021, 12:00:00 AM",1981.1870615867942,2090.9690284137487,2236.7860889361223,2314.523697256373,2365.5411572225817,2399.9955446165195
1634428800000,"10/17/2021, 12:00:00 AM",1961.3222478018092,2072.299975801958,2220.7010335375626,2299.890810566968,2351.244887483745,2385.90717122462
1634515200000,"10/18/2021, 12:00:00 AM",1964.5376931868393,2073.878056829484,2219.3547784936727,2297.6393721919185,2348.1030879862847,2382.866793559434
1634601600000,"10/19/2021, 12:00:00 AM",1969.9168121169982,2078.2857268755884,2221.8430457507457,2299.548382982829,2350.2116374093252,2384.9329521779823
1634688000000,"10/20/2021, 12:00:00 AM",2028.1172301007457,2137.9270026787244,2283.867343795852,2362.305866345365,2413.665596571872,2448.849323205852
1634774400000,"10/21/2021, 12:00:00 AM",2115.113174902946,2230.6490040682406,2385.0234283604495,2468.0563240051383,2521.66678431084,2557.9402475297748
1634860800000,"10/22/2021, 12:00:00 AM",2024.1436154958287,2138.3699071194296,2289.2747667656195,2370.623314047057,2423.3721239822885,2458.9672107807123
1634947200000,"10/23/2021, 12:00:00 AM",1995.0112249931444,2109.7773384324614,2264.79710042962,2348.1388038042587,2401.6492170641914,2437.769663221201
1635033600000,"10/24/2021, 12:00:00 AM",2030.394091230727,2150.0076905229134,2305.2183665441576,2389.349371443553,2444.000885667106,2480.7662651327846
1635120000000,"10/25/2021, 12:00:00 AM",2010.9355575640477,2126.4308135982865,2280.861387511053,2364.386392016985,2418.0584464924364,2454.0667495873527
1635206400000,"10/26/2021, 12:00:00 AM",2077.47471822374,2199.558232422103,2362.5696181665085,2449.1398288844102,2506.1311183529538,2544.0188078098995
1635292800000,"10/27/2021, 12:00:00 AM",2017.2758478660458,2141.148926657138,2302.690040604023,2390.1824519405345,2447.515125112672,2485.5770109918703
1635379200000,"10/28/2021, 12:00:00 AM",1943.1254031224917,2055.6697364647,2203.1822142257734,2283.953964614054,2337.2272894422204,2372.8346324172812
1635465600000,"10/29/2021, 12:00:00 AM",2044.9799845283012,2163.683300838743,2316.710575579085,2402.6027932528714,2459.10761360785,2496.530396553371
1635552000000,"10/30/2021, 12:00:00 AM",2108.0269988269097,2228.7979141357755,2386.9608053790816,2476.176137248649,2535.377638746018,2574.9614213552586
1635638400000,"10/31/2021, 12:00:00 AM",2070.2127296637514,2186.718501175487,2344.729771515078,2436.888042167329,2496.3355211159305,2536.9853469069594
1635724800000,"11/1/2021, 12:00:00 AM",2068.574157320553,2187.0978111842833,2345.606697888071,2439.162302359827,2499.66467119007,2541.0511686164987
1635811200000,"11/2/2021, 12:00:00 AM",2076.663193070956,2196.3272015949933,2355.3020185849277,2450.3408836498998,2512.484044152321,2554.4104798674616
1635897600000,"11/3/2021, 12:00:00 AM",2146.8675720310284,2268.9618320274794,2432.5494182789034,2532.36862159641,2597.4583910225297,2641.6064365310367
1635984000000,"11/4/2021, 12:00:00 AM",2163.688901059299,2289.6413542641294,2453.63789946476,2555.2648300163114,2621.9931599800116,2666.9913325689936
1636070400000,"11/5/2021, 12:00:00 AM",2119.171642187017,2243.3075571728677,2405.89306518007,2506.130884607023,2571.6697152868396,2616.0680512959775
1636156800000,"11/6/2021, 12:00:00 AM",2121.662084232716,2247.158914875932,2413.467995718233,2513.6835361940566,2579.63258787807,2624.255678326928
1636243200000,"11/7/2021, 12:00:00 AM",2140.8331690499726,2266.2545200324644,2432.2155414890353,2533.7476295344522,2600.2745178438504,2645.8174991494543
1636329600000,"11/8/2021, 12:00:00 AM",2187.3919633533033,2315.6280036328,2487.9070966012764,2592.2352283183104,2660.500049096022,2707.4184158000376
1636416000000,"11/9/2021, 12:00:00 AM",2311.207110460143,2446.873386508586,2625.0879201161524,2732.0513847669413,2801.4195426672914,2849.545810283625
1636502400000,"11/10/2021, 12:00:00 AM",2281.5647599848953,2418.578812306167,2597.949262716519,2706.0049032481534,2775.3457684967393,2823.378769489384
1636588800000,"11/11/2021, 12:00:00 AM",2199.588899301953,2330.542037172751,2498.5953106570064,2602.166136501451,2669.291703725533,2715.5984800786778
1636675200000,"11/12/2021, 12:00:00 AM",2230.5245053751737,2365.552569556253,2538.3597391545277,2644.4907965584575,2715.5844254137733,2764.024237014754
1636761600000,"11/13/2021, 12:00:00 AM",2200.1413704457027,2332.269979497095,2502.70521223793,2607.0335082694073,2676.448844563,2724.31404468438
1636848000000,"11/14/2021, 12:00:00 AM",2212.9864474324045,2348.931798292853,2521.4964017339607,2627.0367301058723,2697.2074116612134,2746.3007301039347
1636934400000,"11/15/2021, 12:00:00 AM",2224.6580411212954,2361.571208262756,2533.8908101260304,2640.239477936015,2710.9225522507863,2760.2039992609093
1637020800000,"11/16/2021, 12:00:00 AM",2180.3719447772255,2313.337880598771,2482.812945915753,2587.705944941018,2658.055496354931,2707.4059977856264
1637107200000,"11/17/2021, 12:00:00 AM",2045.046045642871,2165.795206834143,2322.6332027340495,2421.3961679867607,2487.3318926571933,2533.6831850295207
1637193600000,"11/18/2021, 12:00:00 AM",2047.2969340973732,2169.0107230163944,2326.652932080281,2426.7117494084655,2493.7001592103506,2541.3807018017674
1637280000000,"11/19/2021, 12:00:00 AM",1917.8089629870371,2031.2615147572467,2178.6618265984825,2271.285977382618,2333.96810892226,2378.015163072917
1637366400000,"11/20/2021, 12:00:00 AM",2012.6653351530026,2133.7762579179143,2292.351984365682,2391.944547327248,2459.5262166110138,2507.551549037002
1637452800000,"11/21/2021, 12:00:00 AM",2070.09749235264,2194.1406077857832,2355.809245535455,2458.8249705594844,2529.549915190154,2579.813637648983
1637539200000,"11/22/2021, 12:00:00 AM",2044.6010356234108,2171.932545939562,2334.1703283891493,2437.72525132467,2508.1453803973523,2558.536103723523
1637625600000,"11/23/2021, 12:00:00 AM",1940.3382117724846,2062.611150965533,2219.5144889676176,2318.2059443774833,2385.9088084110226,2434.081369475855
1637712000000,"11/24/2021, 12:00:00 AM",2003.464595382174,2134.1514345138276,2297.4271812200986,2399.4528645593505,2469.7202983834454,2519.713356371383
1637798400000,"11/25/2021, 12:00:00 AM",1967.5656849035274,2092.4282656669657,2257.144278655951,2359.0124599063683,2427.8554009507734,2477.6894879045226
1637884800000,"11/26/2021, 12:00:00 AM",2042.7377986219956,2171.9428327557002,2343.4185436620246,2449.5388453749633,2522.5513680981367,2574.7856759181122
1637971200000,"11/27/2021, 12:00:00 AM",1853.8717606215637,1968.9949903939967,2125.7031817709103,2223.4307398665424,2291.4456550741343,2340.106941802214
1638057600000,"11/28/2021, 12:00:00 AM",1877.6335689340378,1996.5579008973625,2153.4670299644413,2253.1651920400445,2323.3437646781904,2373.0713649222657
1638144000000,"11/29/2021, 12:00:00 AM",1961.485597247214,2084.3211484985804,2246.0551780860624,2347.7509497291353,2418.994286474764,2469.608013916729
1638230400000,"11/30/2021, 12:00:00 AM",2004.1755691252783,2129.3193661331834,2293.7893463426744,2397.3794831824607,2471.595896905417,2523.4501108445247
1638316800000,"12/1/2021, 12:00:00 AM",2014.136243297749,2142.326920902949,2304.451933468111,2406.8841161563005,2479.7976691594195,2532.0213211003133
1638403200000,"12/2/2021, 12:00:00 AM",2014.3668331208721,2146.599212114289,2307.415822643862,2408.681605712035,2481.1933143202737,2534.060045348127
1638489600000,"12/3/2021, 12:00:00 AM",1997.6832200308334,2128.424138065499,2287.4969632397674,2386.7893069062266,2458.291708324975,2510.3392040404074
1638576000000,"12/4/2021, 12:00:00 AM",1890.2895968841901,2016.67791240136,2168.188320230924,2262.664316499174,2330.7161861861173,2380.967567565672
1638662400000,"12/5/2021, 12:00:00 AM",1764.1565804330962,1876.8628096799448,2013.6427880960393,2098.2730069923646,2158.6018642070135,2203.351654804461
1638748800000,"12/6/2021, 12:00:00 AM",1763.7382037817888,1872.5285150439927,2002.4427898265974,2083.2446178244054,2140.7892953869323,2183.320155569417
1638835200000,"12/7/2021, 12:00:00 AM",1813.5936032523368,1929.3605612378487,2063.5447168742094,2148.1189067292,2207.676537468843,2251.308080925174
1638921600000,"12/8/2021, 12:00:00 AM",1810.9491832577278,1927.1978849204406,2062.7510987416495,2147.6231702838295,2207.0955203259778,2251.3378072746027
1639008000000,"12/9/2021, 12:00:00 AM",1833.4576760877353,1952.88537801452,2092.9159945638817,2180.196957155102,2240.8811475945654,2286.38185748203
1639094400000,"12/10/2021, 12:00:00 AM",1733.8052055033081,1844.4689521087678,1975.5095056330808,2055.4551978615464,2111.7072627421444,2154.468934992332
1639180800000,"12/11/2021, 12:00:00 AM",1678.0780301270859,1784.7033223245542,1911.1289192137508,1988.1651091693589,2041.987098114315,2083.2799353503665
1639267200000,"12/12/2021, 12:00:00 AM",1740.6810816469647,1850.8476054551506,1982.8496329565892,2063.3039369737153,2119.1061436046834,2161.916855690567
1639353600000,"12/13/2021, 12:00:00 AM",1766.7766558602807,1878.9211513716396,2012.1361162776582,2093.809281126486,2150.866472353018,2194.2021277661443
1639440000000,"12/14/2021, 12:00:00 AM",1631.987974269842,1733.2523274438906,1853.2159812919058,1927.1077905336215,1978.627838583186,2019.0875635414502
1639526400000,"12/15/2021, 12:00:00 AM",1686.0799393639406,1790.9542164698069,1913.9096600513735,1989.626367306595,2041.9775037081845,2083.4414209270485
1639612800000,"12/16/2021, 12:00:00 AM",1728.131154357332,1836.5517356373023,1965.3677995064213,2045.269496339532,2100.0813972171673,2143.2325110772967
1639699200000,"12/17/2021, 12:00:00 AM",1693.0183382697396,1798.469373505782,1923.0712786445793,2000.6113311432832,2054.813363322289,2097.6246321437466
1639785600000,"12/18/2021, 12:00:00 AM",1658.6078294816898,1761.8994396963224,1883.6685681779463,1960.544363804753,2013.3799036484684,2055.1161312459217
