timestamp,readableTimestamp,top1,top2,top5,top10,top20,top50,top100,top200,top500
1609459200000,"1/1/2021, 12:00:00 AM",1,1,1,1,1,1,1,1,1
1609545600000,"1/2/2021, 12:00:00 AM",1.011360472864595,0.9999468193557856,0.9947338369960523,0.999154960356007,1.0070239208477791,1.0129375711287987,1.0189612251705822,1.0168131329855645,1.0185288268400041
1609632000000,"1/3/2021, 12:00:00 AM",1.1082406881894904,1.0805746028135303,1.0511741613255647,1.0373353572378594,1.0297846954270187,1.0435031908328787,1.0430192356977344,1.0315272638585373,1.0405323605924723
1609718400000,"1/4/2021, 12:00:00 AM",1.137335481623062,1.2232699755965886,1.1691613383514274,1.1534883009885704,1.0978060279490658,1.1089585177110715,1.116326397702309,1.0963302371960915,1.106029185962687
1609804800000,"1/5/2021, 12:00:00 AM",1.0859045423918765,1.2372599119961933,1.1492056693515094,1.1360989945212723,1.0837974817477902,1.106608300514923,1.1118656578034785,1.0924711528900106,1.1035606249162697
1609891200000,"1/6/2021, 12:00:00 AM",1.174340662615447,1.3340786369736384,1.2022137220818458,1.2094561798115409,1.1524677625261466,1.1842652996126888,1.2033446105637264,1.169043418319945,1.178402730402667
1609977600000,"1/7/2021, 12:00:00 AM",1.27258588978529,1.454426831651757,1.2976836719004115,1.3383179784079018,1.3110845901960262,1.3024178209553698,1.3169381077313056,1.2584557711604918,1.2496066385993214
1610064000000,"1/8/2021, 12:00:00 AM",1.362639168890019,1.5135989782068244,1.3796552248428204,1.3524364990216768,1.2894250267368557,1.2967477158063383,1.338881326357658,1.2996041265860117,1.2738978230563032
1610150400000,"1/9/2021, 12:00:00 AM",1.4063597767368197,1.5315725403262692,1.380688472561919,1.3463340219483209,1.2674396190564035,1.278123555817009,1.340839351871875,1.2968079782967126,1.2740681893419998
1610236800000,"1/10/2021, 12:00:00 AM",1.3884621348560455,1.5627323901415475,1.417616078298283,1.5120200427794452,1.385031557694837,1.3879417784746741,1.447669375443071,1.3763413845736683,1.3424058867358708
1610323200000,"1/11/2021, 12:00:00 AM",1.323042603218447,1.5197002423216937,1.370840784982624,1.4423498247309916,1.339506711989751,1.3819783427441539,1.428677073525615,1.3438668729310888,1.296906095535714
1610409600000,"1/12/2021, 12:00:00 AM",1.2290466700874552,1.3543617285518617,1.2060075645496906,1.243498701860288,1.172566804362484,1.2247472098372918,1.2723969395062087,1.2067526464224592,1.176978702833542
1610496000000,"1/13/2021, 12:00:00 AM",1.1693834543985522,1.2923703365241135,1.1728739466883527,1.2166925870656113,1.1573815499285192,1.219720315061469,1.2777746255552866,1.2161871771643984,1.1768456420000466
1610582400000,"1/14/2021, 12:00:00 AM",1.290588786065699,1.411602023242822,1.314568960638444,1.351968661170705,1.268590997264293,1.34594379029712,1.4097692702017965,1.3247919669801929,1.2721169425119054
1610668800000,"1/15/2021, 12:00:00 AM",1.351808434329212,1.49968358479465,1.4196678643112877,1.4386218360627467,1.3138643425582994,1.3760462478888593,1.43560851415398,1.3495400202409638,1.313594719451722
1610755200000,"1/16/2021, 12:00:00 AM",1.2675553331088762,1.427057618024644,1.3376017349198628,1.3977344083078798,1.2865727561489764,1.365196796675784,1.4519532859583957,1.358962953929624,1.3206017876412852
1610841600000,"1/17/2021, 12:00:00 AM",1.2491968307257557,1.460371199813064,1.460135563568153,1.4909099889104167,1.3533999644978683,1.4393453832882974,1.5216694630308638,1.4190889004184806,1.3918017929029767
1610928000000,"1/18/2021, 12:00:00 AM",1.2336760981802888,1.449055423598109,1.4209238778515951,1.5084871568091327,1.3636138935978845,1.4515365170576708,1.5651439521422845,1.4624298919995653,1.4305736012382735
1611014400000,"1/19/2021, 12:00:00 AM",1.2609378126532607,1.4806908729765984,1.4448553828421546,1.516216032126522,1.384910829668673,1.50901735126452,1.611066999273718,1.512330540728161,1.4948627269996253
1611100800000,"1/20/2021, 12:00:00 AM",1.2440336076057985,1.5585537411286763,1.4889227489570487,1.5207835557719456,1.375237401739395,1.4746877802992362,1.5936193615472738,1.505323963152143,1.5001701481985552
1611187200000,"1/21/2021, 12:00:00 AM",1.2262068831759934,1.551243987987155,1.5133056694709943,1.5395950213317227,1.3812246260160264,1.487378881828125,1.632403964902212,1.5353623780458094,1.518490604822581
1611273600000,"1/22/2021, 12:00:00 AM",1.065166083507901,1.2927283718534333,1.3117206875919873,1.3254726344370855,1.1947488276123206,1.2779353162253575,1.4042006170100967,1.3387235857791557,1.3329497940538575
1611360000000,"1/23/2021, 12:00:00 AM",1.1356017384129684,1.404962447065595,1.3972932128101643,1.4303777620401554,1.2905723663681667,1.3891505884918876,1.5302661744692854,1.464056620664141,8.840456280108706
1611446400000,"1/24/2021, 12:00:00 AM",1.1049419430737994,1.3859045932899918,1.418651794852354,1.4605939630222888,1.3153234493741712,1.416412952162206,1.5754687099989262,1.5070656140221284,8.865659951594143
1611532800000,"1/25/2021, 12:00:00 AM",1.1120202634647127,1.498677224453648,1.459236733191615,1.48904059640049,1.3326012945585295,1.482629924574227,1.6397640763803207,1.5788718725193112,7.818834080346047
1611619200000,"1/26/2021, 12:00:00 AM",1.1155279901905,1.4536475273718874,1.4139015069672183,1.4544693431274383,1.305913209751977,1.4401135967038667,1.597703056422675,1.539937049469769,7.086854496966157
1611705600000,"1/27/2021, 12:00:00 AM",1.1226531504450028,1.4787396849405658,1.4166039732602331,1.443531635586327,1.3083855425656574,1.4662640643134104,1.6297726968159174,1.5891807249108412,7.120410492008726
1611792000000,"1/28/2021, 12:00:00 AM",1.0490347651400271,1.3728202083174614,1.304642202939617,1.3294523310924689,1.2114217712025463,1.3767022052057687,1.5166724654097814,1.491445620241938,5.949296141547797
1611878400000,"1/29/2021, 12:00:00 AM",1.1414743967019532,1.470238381190784,1.4032950290599169,1.4312730438412753,1.3074632233019772,1.5852726967351893,1.7189249377970304,1.647720233365349,5.963989378682445
1611964800000,"1/30/2021, 12:00:00 AM",1.1767047908349986,1.5227232362680816,1.4400206340600128,1.4507619455268355,1.3270472569073901,1.682568536039999,1.7974182139301131,1.713884177276113,5.7534413098997765
1612051200000,"1/31/2021, 12:00:00 AM",1.1783828399323368,1.5182435158996395,1.5623283028698787,1.5362393587391157,1.3756134211607842,1.6700582100928127,1.8082480149462528,1.7230484486728133,5.3786890530518585
1612137600000,"2/1/2021, 12:00:00 AM",1.1392843393218035,1.4612054199732505,1.5834096923415832,1.523161097732653,1.3620042319573593,1.6948922938665003,1.821194300500905,1.721491651983952,5.1352102654665455
1612224000000,"2/2/2021, 12:00:00 AM",1.1510408919798485,1.5020253662782832,1.4974017973662537,1.539048161509904,1.4031169229173905,1.7485080185107598,1.8935305770934947,1.7784217084967828,5.34844925237763
1612310400000,"2/3/2021, 12:00:00 AM",1.2227094741203943,1.636395673394611,1.5859861598178289,1.608530197627248,1.451703192062197,1.783202803846007,1.9476572557648804,1.8358035616659814,6.5645284895844345
1612396800000,"2/4/2021, 12:00:00 AM",1.2919225790870312,1.7703606490566917,1.760356093836054,1.7264665670011512,1.530703728021957,1.9458085536568546,2.089120310467232,1.955196581091494,6.333295556553868
1612483200000,"2/5/2021, 12:00:00 AM",1.2685541080887655,1.7091243917987022,1.742625218561707,1.7104703635569396,1.4992665593486167,2.0584694421537897,2.1756764879288935,2.019275237402429,6.094208518843023
1612569600000,"2/6/2021, 12:00:00 AM",1.3096025186940874,1.8224274125292061,1.8325667144253217,1.8765607494568104,1.6589288407411136,2.219330187723016,2.3886515182954144,2.2253343354201185,6.942762337885387
1612656000000,"2/7/2021, 12:00:00 AM",1.3534162568386878,1.8166368322466182,1.8127126310718704,1.9135986727796055,1.6692865419145593,2.213282451499835,2.3465670395297917,2.160510769924076,6.540021983230362
1612742400000,"2/8/2021, 12:00:00 AM",1.338046324590185,1.757977710244132,1.7451007151364302,1.877895649114169,1.681545936416637,2.3164124560922326,2.4146589003673467,2.1957661552839722,6.471771690090707
1612828800000,"2/9/2021, 12:00:00 AM",1.5955794410670656,1.9831115451995542,1.9670818783087238,2.0606607413982485,1.8250376889862499,2.4978290882301435,2.662304308540765,2.402969562535979,7.054892738882094
1612915200000,"2/10/2021, 12:00:00 AM",1.6046066249783983,1.9998479682891492,2.0142014537886874,2.2157423194099337,1.9587572683541916,2.6294396763477517,2.8201896708804974,2.588622816481216,8.049420383438687
1613001600000,"2/11/2021, 12:00:00 AM",1.545312070091358,1.949967384928936,2.0306411883785875,2.3780834764556666,2.0615097290898503,2.729103002113032,2.979156181182612,2.70012016982976,8.00076449229443
1613088000000,"2/12/2021, 12:00:00 AM",1.6475526299793055,2.0304294372302167,2.1215769173792376,2.438756000914669,2.174770276170856,2.894856613841865,3.1885602608118333,2.909044754009553,8.558448232431308
1613174400000,"2/13/2021, 12:00:00 AM",1.6337090041634683,2.063236527458661,2.3071385119772407,2.6087347664143286,2.3432005163674776,3.0664430142733305,3.3756683258922924,3.115601274275755,9.586915844325704
1613260800000,"2/14/2021, 12:00:00 AM",1.617414904797136,2.0345407986138278,2.343945665161791,2.6784884996869427,2.4338018932992016,3.141350030329002,3.442711389253072,3.2131943173535324,10.080270904038136
1613347200000,"2/15/2021, 12:00:00 AM",1.6748388731915345,2.059286992837147,2.2841220999333958,2.641788059461255,2.3532295116512816,3.0077955759884696,3.2957666688734513,3.095973598504652,10.283602034365506
1613433600000,"2/16/2021, 12:00:00 AM",1.6503961308539028,2.0272814864656468,2.2317942184897395,2.5732564703689835,2.308108933317314,2.9510727727728314,3.2184415483871587,3.016908217017682,12.2571608527684
1613520000000,"2/17/2021, 12:00:00 AM",1.6965552710346015,2.0549757336616854,2.278127441288549,2.6013463222925255,2.340497987301107,2.943102259681755,3.241341049883965,3.040354992593244,11.992104593585793
1613606400000,"2/18/2021, 12:00:00 AM",1.796668979627716,2.1476789245449552,2.406931621708069,2.7734547519969923,2.4632250088182084,3.0721919604544685,3.388916581106293,3.1892542927050216,12.232172296817248
1613692800000,"2/19/2021, 12:00:00 AM",1.7825211818806406,2.203557491183092,2.395838435248839,2.8600393213094373,2.524587791027273,3.1956162319074104,3.5686040354926423,3.4180027685303287,12.023277930626183
1613779200000,"2/20/2021, 12:00:00 AM",1.9308772616963221,2.298998434317836,2.566924766101131,3.3699611731093295,2.8807004161561167,3.3970530578722498,3.7448878249192448,3.6729587270024306,11.749139458101661
1613865600000,"2/21/2021, 12:00:00 AM",1.94255463862487,2.2773451829243796,2.5878536437913526,3.2438992328721925,2.7470694720291475,3.3546097849602687,3.734407106010438,3.5912089899390116,11.161544582911898
1613952000000,"2/22/2021, 12:00:00 AM",1.98706057990842,2.3077614342717836,2.6366587727637647,3.374726141741359,2.878811967354093,3.467666350905098,3.878369220490159,3.8331832988450536,11.668361800605126
1614038400000,"2/23/2021, 12:00:00 AM",1.8747871232991282,2.1481803158469504,2.5243086880636603,3.1826155185021596,2.751453132155532,3.2809226892805383,3.6718448235556354,3.6747519693790425,10.626972592118806
1614124800000,"2/24/2021, 12:00:00 AM",1.6777338872484437,1.8975514423942828,2.2052111105231456,2.732723388425274,2.357463712927748,2.825013524443965,3.15690253383979,3.157182390736483,8.556415089945283
1614211200000,"2/25/2021, 12:00:00 AM",1.7176162935356476,1.9611329444273229,2.224844065313338,2.9004393462979645,2.4648712237156154,2.995143622093565,3.333184474387581,3.4211720267363392,9.59915679359477
1614297600000,"2/26/2021, 12:00:00 AM",1.6191850317219572,1.8039239668859472,2.068093236359849,2.731041715234065,2.3042858577454832,2.784547807145415,3.102161375739237,3.2054903751257227,9.039229855987836
1614384000000,"2/27/2021, 12:00:00 AM",1.6039837494826674,1.7842254736853096,2.0479364490096033,2.777499379767294,2.3516921694429143,2.789116550668002,3.0843944346718675,3.1492462840974937,8.486108891247094
1614470400000,"2/28/2021, 12:00:00 AM",1.6074996150887395,1.805710025618244,2.124050800338189,2.896279294719469,2.4777304898130295,2.8930868694347924,3.1555378003275445,3.2088834159941606,8.592477019606985
1614556800000,"3/1/2021, 12:00:00 AM",1.5494974556366712,1.7337448458751024,2.0469360494018294,2.7611197386190733,2.353337215794851,2.7344292730119295,2.955042137242713,3.005446456043311,7.764106745095236
1614643200000,"3/2/2021, 12:00:00 AM",1.7154786786325262,1.9208070869657177,2.217052951593153,3.014664919553412,2.552372125715751,3.020995296310015,3.3162820002798274,3.4269611340432666,9.349743234355198
1614729600000,"3/3/2021, 12:00:00 AM",1.672232690218178,1.849557160593893,2.19700832221384,2.935142308802254,2.5372906401961255,2.997368020613363,3.3199700796953864,3.3734139836464285,9.843366729233775
1614816000000,"3/4/2021, 12:00:00 AM",1.7427030642400034,1.9405303494321975,2.279901069740029,2.9913058369807635,2.613734126871687,3.0948953578941336,3.511159769596,3.5717044920134837,10.379815799632919
1614902400000,"3/5/2021, 12:00:00 AM",1.6789590218534391,1.8863683251650931,2.240902279891486,2.856505764817295,2.5137390059965155,3.0308259027733433,3.4776203262524943,3.4723062288742432,11.581920069172202
1614988800000,"3/6/2021, 12:00:00 AM",1.691513581455115,1.8876015884824735,2.1823523218980636,2.842819885548807,2.491963689029203,2.9960402833275173,3.483020713593995,3.488001647309332,10.779741812734787
1615075200000,"3/7/2021, 12:00:00 AM",1.6890173632221206,1.9695356638366661,2.2178313313758364,2.8446213846340034,2.498803797874449,3.0271722752469814,3.5067424766306874,3.513802951740499,10.931230899967098
1615161600000,"3/8/2021, 12:00:00 AM",1.7680501990342778,2.053415487819455,2.3046185162006068,2.9363788867080793,2.5741821851744002,3.1415164828560105,3.6593956323654715,3.6570522954622864,11.055231954550772
1615248000000,"3/9/2021, 12:00:00 AM",1.8030384373860195,2.1454204451807897,2.3451638065905334,2.9822705658558037,2.62452082251153,3.2342942776269377,3.863908877575411,3.8003459237076256,13.16258357474935
1615334400000,"3/10/2021, 12:00:00 AM",1.8847593158579765,2.2078062986329052,2.471417643036203,3.231932136199694,2.7938356216027587,3.4179200940930103,4.127573195824371,4.095685357765581,13.709151488806194
1615420800000,"3/11/2021, 12:00:00 AM",1.9302487806684578,2.185182446542195,2.4221636320770514,3.118914401917201,2.699895298190829,3.283160807224046,3.9859600878611485,3.9802886663668957,12.422274530323202
1615507200000,"3/12/2021, 12:00:00 AM",1.9911803115844193,2.2317231108396713,2.4142535998890056,3.1397329124561923,2.708857028006146,3.3344289253207413,4.092780671628406,4.119122298776719,16.873701268068967
1615593600000,"3/13/2021, 12:00:00 AM",1.9761916698593367,2.1869149303869913,2.3911995340057626,2.993115635036335,2.5607545370523215,3.202152219479272,4.236034008317358,4.220763191376189,16.803882362392564
1615680000000,"3/14/2021, 12:00:00 AM",2.112683963741892,2.3612949424833167,2.523337067020622,3.1800670399724913,2.683310715858683,3.4056885910291665,4.466445472914771,4.48629898999756,17.42805788272724
1615766400000,"3/15/2021, 12:00:00 AM",2.04769177938815,2.2870660030654513,2.449158480243613,3.0636939966571273,2.6066221619369463,3.2750502031114994,4.508537510183641,4.569559458279585,16.026394260626454
1615852800000,"3/16/2021, 12:00:00 AM",1.922835254082877,2.1738511357497288,2.322119537847991,2.918620402088746,2.510165986506283,3.1874116120890803,4.492017620986841,4.5394432101641575,15.327701969689544
1615939200000,"3/17/2021, 12:00:00 AM",1.9581501638151342,2.203357334279335,2.3834481486444705,3.0899852160952648,2.6386289969508607,3.2846069981812103,4.56377533212867,4.590187906837048,16.09500268830685
1616025600000,"3/18/2021, 12:00:00 AM",2.033425499840482,2.2546716557975217,2.4380022920420332,3.25690658045008,2.7626672206801475,3.4249380733226,4.738751588615454,4.791844442444689,15.942523032445726
1616112000000,"3/19/2021, 12:00:00 AM",1.9957816334837541,2.2029536537834047,2.3903872414099507,3.1187853866118136,2.7038547096348453,3.3706851486782443,4.76085900078656,4.818734428414407,15.600609018711602
1616198400000,"3/20/2021, 12:00:00 AM",2.006837259928256,2.233510216649607,2.4570193004472523,3.199457407728924,2.750199668684116,3.45047662436042,4.894861590749072,5.0720353485880825,16.3265263150014
1616284800000,"3/21/2021, 12:00:00 AM",2.0114160603796316,2.236291874961661,2.4953834329490663,3.1674755086189013,2.7438672730481257,3.4406456470479636,4.857144156742931,5.0587722574879495,17.26250009295839
1616371200000,"3/22/2021, 12:00:00 AM",1.9837609175289848,2.2038605679886807,2.4514482314580732,3.1241472055761554,2.736092772269395,3.4142948877689636,4.893009876523517,5.231411134677658,17.331614049236535
1616457600000,"3/23/2021, 12:00:00 AM",1.8733841135269513,2.0786176680136754,2.385989684242208,3.003762684242558,2.6584114995231745,3.2981961395308854,4.628105848813674,4.987360289798062,17.295622322899387
1616544000000,"3/24/2021, 12:00:00 AM",1.8807829590047669,2.0734951880029295,2.3633118900125742,3.0022033716983256,2.732928855862416,3.3188444209676264,4.588619412530802,4.993895503400676,15.993201947833214
1616630400000,"3/25/2021, 12:00:00 AM",1.8098721437199536,1.9756067904928831,2.1679588540324564,2.807285312990041,2.5324148310904193,3.1086580585207795,4.317971044857455,4.778478564821222,15.050385512479183
1616716800000,"3/26/2021, 12:00:00 AM",1.7716272849715142,1.9603205229601015,2.1577843556817795,2.7900703718316016,2.557410343405986,3.076366603984504,4.273786511079734,4.699823384381164,14.159651737815441
1616803200000,"3/27/2021, 12:00:00 AM",1.8962272451199793,2.099161467206158,2.356071668962557,3.0402767541639304,2.739992167276528,3.355555573967319,4.729131574422379,5.201396454618532,15.709161611848481
1616889600000,"3/28/2021, 12:00:00 AM",1.9237686311714124,2.1220512351064844,2.337756635632534,3.042214184566545,2.713817994157801,3.3541347784086795,4.778852769079348,5.369869779515911,15.869446495219261
1616976000000,"3/29/2021, 12:00:00 AM",1.9201742793709893,2.1034651959968897,2.3234269612227263,3.037331477792849,2.7625311776716495,3.4060729828854757,4.874298314156469,5.482242200122951,18.088339931019544
1617062400000,"3/30/2021, 12:00:00 AM",1.9858761564749796,2.2233636846664595,2.4465484837719487,3.1445007381144654,2.8613607249234305,3.5421234484957056,5.106013207556473,5.731410065662892,19.21396322076457
1617148800000,"3/31/2021, 12:00:00 AM",2.021493437854014,2.256517602945496,2.4549150494309853,3.2459038780759233,2.921437399597354,3.5917529629646703,5.285291068344001,5.89258198723481,18.94972213963677
1617235200000,"4/1/2021, 12:00:00 AM",2.0266186327854556,2.3102146788932676,2.5475178360496473,3.286847806290273,2.984327450239843,3.651500313628725,5.32600517851611,5.902891251791459,18.15045990127512
1617321600000,"4/2/2021, 12:00:00 AM",2.0260611656467664,2.3469230903884224,2.5850192914764594,3.409617770187535,3.0466354763290786,3.75553203892219,5.40569881364838,6.004194657366048,17.914599368532308
1617408000000,"4/3/2021, 12:00:00 AM",2.034979510628719,2.4621504976178334,2.747369614519321,3.5349576410766526,3.163392080365208,3.8717048574419692,5.688784975438227,6.185904028406646,18.20111524231512
1617494400000,"4/4/2021, 12:00:00 AM",1.9660803547626913,2.348204678170193,2.667432463500169,3.37929295431774,3.044939448907877,3.680804454116986,5.3881499105374875,5.861608988682902,16.887675653995398
1617580800000,"4/5/2021, 12:00:00 AM",2.0063387492507387,2.4096868162783993,2.8080966747998404,3.5631798949325066,3.2669869395354088,3.9167000194293218,5.8948587959845735,6.334437967181198,19.00486890994235
1617667200000,"4/6/2021, 12:00:00 AM",2.0228092226322785,2.4314887404641743,3.1227394772986035,3.8344818573780044,3.4928248713253836,4.161007478564139,6.097303544432448,6.450290795063651,18.49296224162126
1617753600000,"4/7/2021, 12:00:00 AM",2.0005975357908476,2.432066266375626,3.2767451046466185,4.071864666213589,3.6257010589209524,4.240365999744114,6.063046106604418,6.350414559508742,19.292290768117233
1617840000000,"4/8/2021, 12:00:00 AM",1.9341743552889756,2.313622816862874,2.963996163816278,3.7412045928669815,3.3579969620600822,3.94888920197515,5.708343024062843,5.958806023533992,16.963311482964325
1617926400000,"4/9/2021, 12:00:00 AM",2.0007169366082307,2.4093121187222013,3.164215139791235,4.005898501596324,3.5980653086452192,4.199439980793335,6.1652837825271405,6.473854120095214,18.21288186719623
1618012800000,"4/10/2021, 12:00:00 AM",2.003726652619376,2.402906065231752,3.116510291449251,4.049208714470499,3.6094704797208235,4.257424383141988,6.200714373656351,6.6004548451452845,19.054996156421367
1618099200000,"4/11/2021, 12:00:00 AM",2.066657299152678,2.483874903466757,3.5305760520836027,4.339990578274963,3.8114665708523723,4.420420951106257,6.187940257427187,6.578499903007934,17.920737932871987
1618185600000,"4/12/2021, 12:00:00 AM",2.0669545914973058,2.4890796734659584,3.5112414343592513,4.517236833562606,3.9407906641717703,4.552390881941776,6.2520084605427835,6.6649107080000976,17.731007674100862
1618272000000,"4/13/2021, 12:00:00 AM",2.064301457542936,2.4824805040579885,3.5788473520256563,4.765022553556496,4.051952763511642,4.604182089537137,6.257005296490079,6.631773804296706,17.18496070634439
1618358400000,"4/14/2021, 12:00:00 AM",2.1906057302011397,2.6552071925563485,4.033649620811367,4.992948226560481,4.2652177699480704,4.853019285480339,6.498742716873951,6.75120080958333,17.26791981849151
1618444800000,"4/15/2021, 12:00:00 AM",2.164089924454924,2.7267821746114524,4.111819897737841,5.107871120408271,4.301930856462565,5.087162108420172,6.649322677683336,6.736103023041469,16.720133122395247
1618531200000,"4/16/2021, 12:00:00 AM",2.1769299713599053,2.790408365066481,4.0985271457603805,5.164728302316629,4.429807161598622,5.570628942148266,7.1203715931460865,7.113634249242332,17.43292976298855
1618617600000,"4/17/2021, 12:00:00 AM",2.1189584800207917,2.7007588529408504,3.8884226316856068,5.049507572699434,4.383443185919502,6.4898185895554095,7.670406440538409,7.274672960243903,16.762654014535105
1618704000000,"4/18/2021, 12:00:00 AM",2.076803726552976,2.626008944589704,3.8451882050670627,4.937989403481804,4.278953366382018,6.033618905381238,7.567801519683801,7.2706068362301925,16.832501432564154
1618790400000,"4/19/2021, 12:00:00 AM",1.9394987892917812,2.4899966549981665,3.5123926376366277,4.5738199347246615,3.9223582781885735,5.8966609734228825,7.063607556113529,6.7526758182617455,15.175289062832082
1618876800000,"4/20/2021, 12:00:00 AM",1.919935316683027,2.4275976399662853,3.3272127426672355,4.425385243253359,3.7223266250374167,6.028820813179561,6.855327036771411,6.519536674735425,14.862783717284232
1618963200000,"4/21/2021, 12:00:00 AM",1.939698056578752,2.5432523495314827,3.442126340689798,4.769513688807326,3.9753526674670456,5.860170870687609,6.835162490703716,6.597722355161148,14.457594548496123
1619049600000,"4/22/2021, 12:00:00 AM",1.8671796927716406,2.540309934769195,3.344349951368617,4.580600056374494,3.8031574385651794,5.655115429260899,6.605886261885408,6.462912026759214,13.831249673264585
1619136000000,"4/23/2021, 12:00:00 AM",1.790531916488849,2.5375726970124486,3.1963586607224226,4.341019288484333,3.553393565535492,5.2126765815595215,6.024896985897191,6.014915981803022,12.4734027893514
1619222400000,"4/24/2021, 12:00:00 AM",1.7638476573230928,2.4823685798455655,3.1279662481826453,4.317992008222769,3.5435058356654996,5.081989745136337,5.9051765127298985,6.02288188559378,11.584137218342887
1619308800000,"4/25/2021, 12:00:00 AM",1.7273924837523857,2.361660669262977,2.8823037358365253,4.029267239371858,3.3070449868129392,4.870845322601168,5.603368736002786,5.737396750583318,11.90593640340357
1619395200000,"4/26/2021, 12:00:00 AM",1.687710539006677,2.405798410570157,2.895740668145117,4.039506271619309,3.3022554446920833,4.807632140866733,5.593708258735243,5.699480034233525,11.597607124548775
1619481600000,"4/27/2021, 12:00:00 AM",1.8599003298782089,2.644226315456944,3.401784337764178,4.524941187463124,3.7473469044005046,5.3964194930695975,6.347958270148267,6.534134780291927,13.495605729737669
1619568000000,"4/28/2021, 12:00:00 AM",1.8948047021305003,2.739371945130653,3.519284022955227,4.756438482144216,3.921747454450806,5.649923936881357,6.736416554726049,7.058984659432872,16.00336678064743
1619654400000,"4/29/2021, 12:00:00 AM",1.8885612185767247,2.805045264915604,3.498636080463177,4.749207845804169,3.899096967648119,5.830066420753174,6.792635475990284,6.989575639735608,15.229564704093079
1619740800000,"4/30/2021, 12:00:00 AM",1.8467345929841157,2.790030115790522,3.558071547191635,4.85674444706895,3.946715489609199,5.74693935104164,6.706201845263122,7.015500833497067,16.90898528707377
1619827200000,"5/1/2021, 12:00:00 AM",1.992546280146748,2.8759373938107875,3.8101333763927556,5.144049126522364,4.1791083566403255,6.1287153614393155,7.099637240690115,7.459813910848609,16.919786236121478
1619913600000,"5/2/2021, 12:00:00 AM",1.9920107405326724,2.989540039730081,3.927376075286182,5.221936434857682,4.3253019339495316,6.541093026794412,7.343706195139756,7.597308833085739,16.95151967767445
1620000000000,"5/3/2021, 12:00:00 AM",1.9502422064366052,2.9743288085475226,3.8195787874094336,5.140966228373446,4.301324071164033,6.457963564848086,7.222301849460469,7.512656428037083,17.197516765615084
1620086400000,"5/4/2021, 12:00:00 AM",1.9709005472806027,3.314028791028147,4.007496310830059,5.4506182306966044,4.486814555093499,6.9478625701093595,7.558813252518812,7.72249143867932,17.944421206440385
1620172800000,"5/5/2021, 12:00:00 AM",1.8421748832672833,3.1182095094364466,3.735979594659347,5.081470719807479,4.143663841817065,7.062263306315192,7.2513148537495065,7.262710840553817,15.918219998716209
1620259200000,"5/6/2021, 12:00:00 AM",1.9788874739804625,3.375364331564071,4.251372781089208,5.802852357507435,4.74771488635794,8.109153390623582,8.19737562962634,8.029361464300376,16.96814579635944
1620345600000,"5/7/2021, 12:00:00 AM",1.9470382746950048,3.3394788713474086,4.244645195388075,5.852911898824093,4.856774538163771,8.052746151053372,8.332882244502999,7.9686044119692445,16.460870170398124
1620432000000,"5/8/2021, 12:00:00 AM",1.976457242879869,3.3531449397285074,4.1869205930855715,5.735376954295652,4.8159760451829605,8.393753084897051,8.570413197627877,8.121374513898543,16.3266537883803
1620518400000,"5/9/2021, 12:00:00 AM",2.0250511480124844,3.6612212066748975,4.284353585325638,5.816566504843073,4.866203680408557,8.262273897322258,8.532753426920886,8.180015291243162,16.269206476428046
1620604800000,"5/10/2021, 12:00:00 AM",2.005826168613275,3.6651550835291267,4.334071774278514,6.0059652930281375,4.957348157624255,8.0088707100719,8.29358093490963,8.183981173909032,16.12814812645818
1620691200000,"5/11/2021, 12:00:00 AM",1.9261546998993833,3.6570371323220914,4.096032436981825,5.6660562856910754,4.643439129485901,7.121019819257241,7.455613489416622,7.593610064561583,14.688643347264994
1620777600000,"5/12/2021, 12:00:00 AM",1.9615516385020724,3.812277555602549,4.294676950037385,6.04009719213079,5.033204473640629,7.721428032588835,8.01059622005508,8.055237063085238,16.033096332675203
1620864000000,"5/13/2021, 12:00:00 AM",1.7229702053784612,3.5056899005795765,3.8196258533169916,5.306080990872606,4.39624031014271,6.770868045257813,7.064813684291434,7.1507319616744,13.760247597836438
1620950400000,"5/14/2021, 12:00:00 AM",1.7218687539305149,3.399693916140138,3.9571252353134243,5.512905485290932,4.523753630072633,7.115682256584271,7.275807594590844,7.123883690188803,13.496087320016455
1621036800000,"5/15/2021, 12:00:00 AM",1.7198175032878784,3.6277383918293507,4.262299873474264,5.846395219766253,4.759263417790429,7.757579149719611,7.795281216097508,7.698042265037909,14.713950118872473
1621123200000,"5/16/2021, 12:00:00 AM",1.6118884948697922,3.2834949609146338,4.054791898538854,5.625606183544356,4.542610803498678,7.125843083461559,7.145517724687655,7.188929281916193,13.468429033495827
1621209600000,"5/17/2021, 12:00:00 AM",1.605140670941672,3.240914699696914,4.005151180210152,5.661422408222877,4.5730159712988785,7.1786151462538275,7.226610637214651,7.26022428517734,13.669205684511995
1621296000000,"5/18/2021, 12:00:00 AM",1.5085174847079108,2.9801959754376863,3.816809742536697,5.21543908668669,4.208568574611256,6.718809960987214,6.736953722691959,6.8050131631305275,12.864908209216708
1621382400000,"5/19/2021, 12:00:00 AM",1.4847501976107325,3.043330508899995,4.0115406847014805,5.349257817865294,4.325790422610197,6.879690468669856,6.96264496667402,7.339020608896274,13.046226639714426
1621468800000,"5/20/2021, 12:00:00 AM",1.2847789214030652,2.3381364822990895,2.771369573301926,3.709535865604817,2.9397084472957085,4.715181465734212,4.726007608009814,5.048534924134017,8.471100714156993
1621555200000,"5/21/2021, 12:00:00 AM",1.3933273769769101,2.5773947664348436,3.0531263070817274,4.182292185492466,3.33853459853612,5.464249280970592,5.42313909867277,5.745958713799837,9.956149163270942
1621641600000,"5/22/2021, 12:00:00 AM",1.286579005676103,2.280879363129786,2.6167527158373525,3.5482047257763947,2.8341985070383373,4.6802040766381,4.686047504925117,4.930772621927871,8.235228006476454
1621728000000,"5/23/2021, 12:00:00 AM",1.2928046575727532,2.207679323487763,2.4479416923116513,3.3310180124392375,2.692212522597869,4.431544695821513,4.405793739119542,4.567993709767523,7.6558413743197535
1621814400000,"5/24/2021, 12:00:00 AM",1.205189978503714,2.0377349549112567,2.1572039773056146,2.940558901613748,2.3908812005316724,3.9169345147873043,3.779939074392759,3.9255921229597828,6.30496564968866
1621900800000,"5/25/2021, 12:00:00 AM",1.3314687208696552,2.4529663449559824,2.6619648269332283,3.6570496477632544,2.9158332773740914,4.8144479617056,4.681525618925833,4.93968839811401,7.6532757126741755
1621987200000,"5/26/2021, 12:00:00 AM",1.3165961808260747,2.4829772088566897,2.6344700538092516,3.641550551699461,2.9023296753301224,4.7226592377961625,4.692021242612028,4.999006549829973,8.478481331223138
1622073600000,"5/27/2021, 12:00:00 AM",1.3578101489465202,2.630175928642775,2.8351608730898854,4.039353830156035,3.1855249374195482,5.065409268230882,5.205738543682416,5.56185749438817,9.993114928522449
1622160000000,"5/28/2021, 12:00:00 AM",1.3314843383484056,2.5225848172458485,2.713147091131355,3.8553555523745056,3.076955963893371,4.813323685484386,4.9284260206468105,5.318775519034904,9.544351793930606
1622246400000,"5/29/2021, 12:00:00 AM",1.2304357428155541,2.262437654788727,2.458608717387909,3.4976351083933253,2.7955435861435713,4.389065387839963,4.419534543548357,4.776642553828667,8.111441347755989
1622332800000,"5/30/2021, 12:00:00 AM",1.1982143920542274,2.15243353271644,2.307223403211836,3.2649065557190324,2.633647723906604,4.18386755759067,4.230194521278994,4.508432281339587,7.494430181139137
1622419200000,"5/31/2021, 12:00:00 AM",1.2305918663883406,2.237146925399254,2.426304437576529,3.482642002395764,2.769248735051763,4.322841009879527,4.386161771546409,4.721647583941934,8.528265310985022
1622505600000,"6/1/2021, 12:00:00 AM",1.2866150145497153,2.476754403693346,2.733984213360267,3.8650908614613697,3.0353299328122003,4.725918841066165,4.7514711208062055,5.0538607674427665,8.827651868093712
1622592000000,"6/2/2021, 12:00:00 AM",1.263852918877969,2.4140793345519898,2.6656269154570564,3.835841050284623,3.0302202576981014,4.877381147161492,4.762039892914799,5.002288433085298,8.521512269537347
1622678400000,"6/3/2021, 12:00:00 AM",1.2985037107674602,2.488604499738101,2.785489990255819,4.023595017110803,3.1934106637488564,5.2686834155701,5.0682902591393555,5.2805989608465405,8.914974438580474
1622764800000,"6/4/2021, 12:00:00 AM",1.3490025417776694,2.6093856165207416,2.8897867804360065,4.215080820511049,3.3722985528418103,5.333140576199492,5.245047345068017,5.542328316213922,9.388287501692671
1622851200000,"6/5/2021, 12:00:00 AM",1.2727650676198832,2.460398155101041,2.687932904197669,3.8911532702162215,3.1131407486695704,4.9734106731433325,4.858141149989217,5.120570230141856,8.504477751679648
1622937600000,"6/6/2021, 12:00:00 AM",1.2248112986540485,2.3892190281444523,2.578913315686273,3.776316861410265,3.030465475049299,4.84749853288445,4.7094868254608535,4.940169064187699,8.111839566609207
1623024000000,"6/7/2021, 12:00:00 AM",1.2347170379227328,2.4529161666069985,2.6337444697013117,3.8317102163770107,3.0780176524436182,4.903885517164763,4.792681291282783,5.077224676564337,8.56129807172676
1623110400000,"6/8/2021, 12:00:00 AM",1.1526049604659334,2.3231725063361672,2.4191391205537167,3.5066651478546875,2.82382629237455,4.440715003945817,4.342053685840688,4.625298864652242,7.934046668722265
1623196800000,"6/9/2021, 12:00:00 AM",1.1562492906697737,2.2894462860243046,2.4351902523539644,3.520559397052527,2.8410200311085836,4.4195396689403825,4.322787864955677,4.644509450751514,7.703491813044318
1623283200000,"6/10/2021, 12:00:00 AM",1.2939529451685896,2.4209849294309818,2.5671032265275695,3.6983318952228315,2.970963375260019,4.655708734600675,4.571626930234469,4.841661537311475,8.099407674451765
1623369600000,"6/11/2021, 12:00:00 AM",1.2715447901043924,2.3190536335043936,2.4747785059403036,3.502466841123625,2.814497336866698,4.41455773678153,4.3585966921655075,4.571817577249998,9.170183645791555
1623456000000,"6/12/2021, 12:00:00 AM",1.2848492504723747,2.2377270428098903,2.3736050527638177,3.3601442154056014,2.680055392542928,4.201164884091342,4.141068848712135,4.297596527931384,8.804831822951394
1623542400000,"6/13/2021, 12:00:00 AM",1.2289172216104458,2.2255723187475036,2.352620537280494,3.37559592036303,2.6813093224386737,4.149650223043835,4.068741472303628,4.248721247965396,8.271316173676608
1623628800000,"6/14/2021, 12:00:00 AM",1.3488781377755228,2.378821655770132,2.5015981876615587,3.5790886172758998,2.8474943965413297,4.400471170557474,4.3299771542506535,4.518413067106526,9.04090700386924
1623715200000,"6/15/2021, 12:00:00 AM",1.3997631933986106,2.451385980996645,2.631907708566145,3.687115822717708,2.9327481256713717,4.484119649844571,4.431751798677891,4.6393163844081124,10.341065984455447
1623801600000,"6/16/2021, 12:00:00 AM",1.3912762885481775,2.4294112265296115,2.560275563445339,3.6347701690970475,2.8950627731988514,4.413568686595724,4.417034518333146,4.666767536569431,9.83784620194725
1623888000000,"6/17/2021, 12:00:00 AM",1.3204087314368886,2.261760371264342,2.4157395392180905,3.4234462578382967,2.7445722768909144,4.192135247000924,4.220726000907814,4.425406509828842,9.367821638664033
1623974400000,"6/18/2021, 12:00:00 AM",1.3160040153002444,2.2696252975183104,2.423440340708115,3.4558647501890256,2.8037553745274737,4.228061447811029,4.245423452240892,4.470022702040715,9.591739890182176
1624060800000,"6/19/2021, 12:00:00 AM",1.2363239645522097,2.1287923240882947,2.2840553666183836,3.274171220000676,2.6473184650502493,3.9710261259671085,3.972023311488538,4.20131033577009,8.6597122282655
1624147200000,"6/20/2021, 12:00:00 AM",1.226005420467962,2.086234925678873,2.205981507168102,3.2007929825748325,2.595829034888865,3.892977653637112,3.8928026530694675,4.106856963968936,8.517381488794676
1624233600000,"6/21/2021, 12:00:00 AM",1.2330839187068805,2.1407153454927155,2.2528104304317624,3.273172473575089,2.627451933409969,3.921212698759628,3.9320587401955724,4.149552184532146,8.553781754783431
1624320000000,"6/22/2021, 12:00:00 AM",1.0926703293912268,1.8326056262473667,1.833182579921233,2.6659706166548096,2.1176039243256013,2.910540395464045,3.001816298871375,3.2652731994427775,6.665098588671922
1624406400000,"6/23/2021, 12:00:00 AM",1.1200906231951573,1.8295515993650875,1.7356184252111488,2.5466547695970987,2.017443666806174,2.8754776245706015,2.9054635644806934,3.1425493498671724,6.569712853816463
1624492800000,"6/24/2021, 12:00:00 AM",1.1612615232356738,1.9149529766705313,1.8941493462151309,2.80310783939192,2.2168463052632585,3.261089273023908,3.2460574182436925,3.486526942475848,7.007248713059511
1624579200000,"6/25/2021, 12:00:00 AM",1.194781517963157,1.9445546597784282,1.9495489111982562,2.936407668917497,2.3355671069396315,3.4591525423246634,3.415544423640258,3.5890681622511713,6.976798804396107
1624665600000,"6/26/2021, 12:00:00 AM",1.1006366193463566,1.7914644750896787,1.7985722857522528,2.7227641423505835,2.163959250790959,3.189251055637675,3.1564605341278944,3.2974176216566087,6.312107960041231
1624752000000,"6/27/2021, 12:00:00 AM",1.1034219638621294,1.7817448274090595,1.7771006492883967,2.673509618080129,2.1263239841037214,3.15724887762062,3.1134698830372805,3.265007545312251,6.130225153611411
1624838400000,"6/28/2021, 12:00:00 AM",1.1924331323017123,1.9324483548348186,1.8945923412907513,2.8394024117464545,2.2486287886880905,3.363886916282431,3.308161131100836,3.4485892865800882,6.907085674448948
1624924800000,"6/29/2021, 12:00:00 AM",1.1906947814016837,2.008474152327929,1.9497117666257047,2.8928392321221774,2.302503759883792,3.4456391030645266,3.3902715098136786,3.5506667651135526,6.843752558147667
1625011200000,"6/30/2021, 12:00:00 AM",1.2393520477187432,2.0882316145919946,2.0545875591490863,3.0051007993939822,2.3985507282742047,3.639384301723112,3.605478126028991,3.729621606038637,7.155969478004651
1625097600000,"7/1/2021, 12:00:00 AM",1.211873036415904,2.14892452977617,2.0761374188335786,3.02856961422362,2.4174174489297866,3.6487307971940295,3.640477083295497,3.770177837083235,7.133499797515408
1625184000000,"7/2/2021, 12:00:00 AM",1.160398343694599,2.0164361378865414,1.956495257732003,2.8841726880403535,2.2958043990674653,3.4760288661467067,3.4778982454988294,3.599306203494122,6.684444973434568
1625270400000,"7/3/2021, 12:00:00 AM",1.1698124564517423,2.0456638100011366,1.9601676191128663,2.913214409557105,2.3149705035320034,3.506200763387371,3.4889987102433735,3.6229290689205924,6.591960742581131
1625356800000,"7/4/2021, 12:00:00 AM",1.1966573669005307,2.106913366157501,2.010890888957867,2.9785029331592123,2.3609938554047547,3.5897279085445364,3.57489779550857,3.717200221064458,7.03223676904961
1625443200000,"7/5/2021, 12:00:00 AM",1.2195473372338848,2.1863721939809846,2.0821849213811023,3.083407131518982,2.4279737236841425,3.6611803957195166,3.6580853376177274,3.818568706184124,7.1019116230508
1625529600000,"7/6/2021, 12:00:00 AM",1.169031944762434,2.085498239730369,1.9809856823614147,2.9797277559393462,2.351664863861307,3.548553066197559,3.545576661261527,3.7348711497634195,6.807607074826782
1625616000000,"7/7/2021, 12:00:00 AM",1.1766762283428314,2.1592843035708817,2.0321057715145443,3.060915623553227,2.398347651574953,3.6177645658184687,3.643156454367787,3.8868852800075624,7.0193635971379145
1625702400000,"7/8/2021, 12:00:00 AM",1.1691739184562793,2.153219374089865,2.034163921126469,3.0755865952280796,2.4056945400045384,3.5892140164443043,3.6839231146255695,3.9369802500342113,7.580877790486031
1625788800000,"7/9/2021, 12:00:00 AM",1.1347634008550112,2.006857535296938,1.9097695764277967,2.9198149905861244,2.2831558643502636,3.358210598557624,3.4384585900900144,3.688201254409667,6.965034496057052
1625875200000,"7/10/2021, 12:00:00 AM",1.1705191926822514,2.0451374068528723,1.95339404228986,2.971786899037668,2.3377026989991054,3.478025685347233,3.568110120774304,3.7928542548340998,7.186261722653336
1625961600000,"7/11/2021, 12:00:00 AM",1.1613277024446207,2.017849006226425,1.9208048420469603,2.9392498666231357,2.3142706685975645,3.4066066060807882,3.506445784258073,3.7269823854734376,7.1174707316196955
1626048000000,"7/12/2021, 12:00:00 AM",1.1818428619328007,2.042292328739476,1.9425659387201988,2.9665094428202856,2.329762566202874,3.4581769104277926,3.5682072778261156,3.796095547374788,7.376663745065599
1626134400000,"7/13/2021, 12:00:00 AM",1.1461020890605074,1.9557022410520444,1.890473081697378,2.9010657046143193,2.2797976551279677,3.3571056216088513,3.454984062421394,3.687130674639569,7.133982818570148
1626220800000,"7/14/2021, 12:00:00 AM",1.1259014791905564,1.8791912129737551,1.8263916862816612,2.801930464877575,2.1979548786115033,3.216272439194478,3.307128850299762,3.5368352236215004,7.305862718227727
1626307200000,"7/15/2021, 12:00:00 AM",1.1328656842357152,1.9187328033593285,1.837287218422737,2.808316122991223,2.19618914552389,3.207111899133886,3.3274214297308493,3.5568053254629084,8.916988944134776
1626393600000,"7/16/2021, 12:00:00 AM",1.0931562767023955,1.8400273221808279,1.7569952597297034,2.7422600817034364,2.136198167305003,3.0591385558171367,3.1701694502460995,3.379976853014812,8.208052814747628
1626480000000,"7/17/2021, 12:00:00 AM",1.0819102908998994,1.8096779115226538,1.7112318242463669,2.645979215901662,2.068313258535992,2.9343298082752898,3.0463945514819315,3.211862559432839,7.431342859492122
1626566400000,"7/18/2021, 12:00:00 AM",1.0884231259007606,1.830292785796154,1.7177467234438002,2.6488989403833427,2.0751341609983625,2.9881362465108507,3.0866940334283095,3.250060954054105,8.105548526106942
1626652800000,"7/19/2021, 12:00:00 AM",1.0998185432995866,1.8399713352216984,1.7360368115323535,2.67756985960376,2.08864059355158,3.009667538322455,3.1080052384546133,3.2702382667545398,7.687853770241407
1626739200000,"7/20/2021, 12:00:00 AM",1.0656662545342337,1.768202435651599,1.6439598782665412,2.5205848713348296,1.959240524400752,2.834076882234057,2.92209515597866,3.0609344695963494,7.050496350955711
1626825600000,"7/21/2021, 12:00:00 AM",1.0327155847378149,1.7314486821592978,1.5847631760820944,2.3971786920381954,1.865613827245003,2.733714643318182,2.7849511661540776,2.902939075596674,6.39708197610657
1626912000000,"7/22/2021, 12:00:00 AM",1.1158195256467125,1.9143123972289926,1.7404741455430055,2.6392004260498725,2.052824050746268,3.0104961141682223,3.0565861310841784,3.21979118524292,7.16048667928648
1626998400000,"7/23/2021, 12:00:00 AM",1.1167056902611285,1.9308731213304482,1.7894463536658012,2.680960401407945,2.126416551683133,3.0903887140958797,3.1365778250512366,3.2839781739350244,7.234338781123092
1627084800000,"7/24/2021, 12:00:00 AM",1.1527485689523282,2.0095627874987527,1.8408834926953315,2.7332255405319246,2.175660589487208,3.1599883127217647,3.2406705266749283,3.3962551846923223,8.096464070735138
1627171200000,"7/25/2021, 12:00:00 AM",1.1788679863326754,2.0676206564866724,1.878509443578099,2.7810649609005518,2.2302434159780398,3.2410555972641513,3.347707287703855,3.4891252082873105,8.760105893318354
1627257600000,"7/26/2021, 12:00:00 AM",1.2216805704414915,2.1065407261224918,1.898736469978065,2.8051807577653185,2.269305497103,3.2898288677702716,3.419090370692232,3.5540958168251393,9.55741597960651
1627344000000,"7/27/2021, 12:00:00 AM",1.28459033235524,2.152016885566616,1.9344904006629375,2.845747989508833,2.2747684726876605,3.310485823922691,3.4386957726922702,3.603881302019898,8.661266306576389
1627430400000,"7/28/2021, 12:00:00 AM",1.3464278971650014,2.2251548250939805,1.9928523191840737,2.9324826542463223,2.3546212678554004,3.376904234120537,3.5441292807823483,3.726551464232992,9.754303768308944
1627516800000,"7/29/2021, 12:00:00 AM",1.3793198657395493,2.2464137027534745,2.0905476754600643,2.9890474526395954,2.3831370633576245,3.4118418931206094,3.607865386812215,3.7662421855248893,9.764470418184963
1627603200000,"7/30/2021, 12:00:00 AM",1.3774784855867162,2.3021894203135984,2.1532571185298295,3.044918176517755,2.4314153627966855,3.46804582467603,3.711560870802697,3.9051104427970142,9.702881555331889
1627689600000,"7/31/2021, 12:00:00 AM",1.4449609576803055,2.3893796896873427,2.2110259206745364,3.1317033529935006,2.4967769654442242,3.5454125291591643,3.8123427726102945,4.034352130778823,9.809826429404453
1627776000000,"8/1/2021, 12:00:00 AM",1.4386866744057614,2.4399067768424896,2.2505721308412032,3.1984648674441565,2.551610651117199,3.6517477330416512,3.9064699217936756,4.154271803971826,9.81158030102009
1627862400000,"8/2/2021, 12:00:00 AM",1.375310258946102,2.417515390264293,2.2434169423691013,3.166983263921084,2.504861269287903,3.564027309838011,3.8577726264009016,4.063917472151697,9.101005974622762
1627948800000,"8/3/2021, 12:00:00 AM",1.3533939857492712,2.444645258779812,2.2660639370851294,3.198693057486638,2.5279972260464025,3.5876176666218123,3.907561869221032,4.103720391185591,9.611728857905627
1628035200000,"8/4/2021, 12:00:00 AM",1.3220247013662711,2.367762050464662,2.1927165871503784,3.1689599921867146,2.494548775977837,3.5012012383318103,3.8736381705462537,4.059159273239027,9.292256481894725
1628121600000,"8/5/2021, 12:00:00 AM",1.3696854629292516,2.5291899850831157,2.3135800827537385,3.2693047256946315,2.583150989328751,3.6425414981151176,4.028006990093256,4.218758815718264,9.6992271426222
1628208000000,"8/6/2021, 12:00:00 AM",1.4066843563614002,2.613432203874987,2.349813449741043,3.2994741834957444,2.646481546909409,3.727678446737946,4.119918645415473,4.31042776786994,9.777061907919402
1628294400000,"8/7/2021, 12:00:00 AM",1.4747956766299948,2.6928988057735843,2.4270077078776686,3.3615717935281633,2.7022076683683625,3.816519996001951,4.261745513185342,4.452311823031699,9.889036342608456
1628380800000,"8/8/2021, 12:00:00 AM",1.5383823978716102,2.9023791575018256,2.6005192400960078,3.5480174216810316,2.854942591045107,4.214658783890418,4.526047291372462,4.6633514184603,10.191451171475839
1628467200000,"8/9/2021, 12:00:00 AM",1.507566229205957,2.7929379211572107,2.4871106508390453,3.3952434058352075,2.7033535860306674,3.982665549340963,4.293505718840021,4.444713468400346,10.3088404397113
1628553600000,"8/10/2021, 12:00:00 AM",1.595697548970282,2.9390565452604855,2.6229859185448428,3.5530647605540553,2.831641534955479,4.203861758323851,4.524276794500758,4.669889413831061,10.915573994210611
1628640000000,"8/11/2021, 12:00:00 AM",1.5725606804115113,2.9171839472076453,2.6480368201570896,3.724877796720471,2.9306631334004467,4.290790636850169,4.703983457573438,4.835622105100143,11.110907767801734
1628726400000,"8/12/2021, 12:00:00 AM",1.572992970580831,2.9301294392615356,2.8152035826299784,3.951010851543764,3.0887184608112612,4.459962810576927,4.895067584728273,5.0966621004809305,11.316881549247414
1628812800000,"8/13/2021, 12:00:00 AM",1.53313239397303,2.8301613599361337,2.7168227293325877,3.872671596080142,3.0145149364636277,4.388468067885692,4.809354600306536,5.029418863206234,10.871796047818673
1628899200000,"8/14/2021, 12:00:00 AM",1.6441521129536747,3.0716846281779873,2.9926340934368576,4.30516094866039,3.299892960066948,4.754597421365483,5.18924867231328,5.43012611039971,11.816714192357558
1628985600000,"8/15/2021, 12:00:00 AM",1.6224992863493986,3.0238635220339702,3.1478220163536825,4.414169803825478,3.3829787466949894,4.846697796546921,5.222083017034582,5.402518459854157,11.786182844432165
1629072000000,"8/16/2021, 12:00:00 AM",1.62029926622936,3.0506580343259837,3.1721797653158066,4.435867408376229,3.407676258160764,5.106194972206307,5.418975770916272,5.567833008443996,11.757046364931336
1629158400000,"8/17/2021, 12:00:00 AM",1.5860758713020886,2.927827649283679,3.061742249964501,4.33580816946748,3.3404708314248084,4.939723040098482,5.337098817628045,5.539853234209082,11.388635756778562
1629244800000,"8/18/2021, 12:00:00 AM",1.5344846265956107,2.802901036948862,2.885160948793704,4.088033554970756,3.147708417065397,4.63178191184307,5.117733364270529,5.317376108636039,11.082035991171065
1629331200000,"8/19/2021, 12:00:00 AM",1.5510583898607477,2.8315545135450124,2.9678211208982654,4.229481328018763,3.231560179425575,4.735128399108508,5.3652865719176095,5.496977147074244,11.16067316872355
1629417600000,"8/20/2021, 12:00:00 AM",1.6106526336390088,2.9341824764502795,3.092586701548806,4.482478257457462,3.398304675344583,4.9240221766540655,5.496489163502813,5.672318954520967,11.309004414216647
1629504000000,"8/21/2021, 12:00:00 AM",1.6950992137118408,3.0658644513828035,3.2619153627809268,4.752890661294074,3.570867376023941,5.148720393908383,5.779709327235651,5.998021612200283,11.644983881974332
1629590400000,"8/22/2021, 12:00:00 AM",1.6860651819156847,3.0254902991565853,3.203071492658145,4.6927085050296915,3.5493884776303894,5.085325343627154,5.75056684245628,5.980762084214979,11.9804449887803
1629676800000,"8/23/2021, 12:00:00 AM",1.6969828013259822,3.044139909935385,3.2188673453602914,4.816173083967945,3.619616288114018,5.11059337123515,5.791839965745016,6.044994048165473,11.828886529533968
1629763200000,"8/24/2021, 12:00:00 AM",1.7062181660202054,3.1008297879322297,3.26812639928008,5.12348752862931,3.8168919427940375,5.24777958829878,6.0104518236719855,6.277673244810353,12.29931888426611
1629849600000,"8/25/2021, 12:00:00 AM",1.6518474533024303,2.977014252854787,3.045873654190896,4.8093047675392535,3.574085303447408,4.867752132894767,5.6961476856808675,5.899908789603658,11.332022819335556
1629936000000,"8/26/2021, 12:00:00 AM",1.688443157934905,3.0317163985512003,3.116347484160696,4.931239074110923,3.6823624064276017,4.974702840944801,5.80697036639156,6.050624878470186,11.589608815401215
1630022400000,"8/27/2021, 12:00:00 AM",1.627330638253006,2.927732595359883,2.9568157011135674,4.683055024669978,3.4769659222597955,4.680278710165792,5.44189314389325,5.714580215212967,10.954108670138783
1630108800000,"8/28/2021, 12:00:00 AM",1.691213414310223,3.0575377271274617,3.142657645206143,5.017573886203993,3.7188968513688714,4.9676620628114,5.8503817520013985,6.116274646993076,11.47196444202128
1630195200000,"8/29/2021, 12:00:00 AM",1.6861633164953662,3.0400460485495278,3.094345272585388,4.930597461005548,3.6811713916055786,4.9009543068754295,5.886991490042003,6.15025942342864,11.401656043621305
1630281600000,"8/30/2021, 12:00:00 AM",1.685154905594477,3.03138668846357,3.081236165473594,4.923625004148402,3.680381524446712,4.865214855592459,5.825199611162918,6.107078543617553,11.43375114078663
1630368000000,"8/31/2021, 12:00:00 AM",1.623719070645013,3.000229241122576,3.0280805906568364,4.752256009449515,3.5566839278049143,4.733605916828681,5.703250936234482,6.078731441271375,11.185275270619089
1630454400000,"9/1/2021, 12:00:00 AM",1.630995034750947,3.144554812280534,3.290938617743906,4.944690911003523,3.674338082272972,4.928360843414927,5.852085017942863,6.2329613244528215,11.39854094200654
1630540800000,"9/2/2021, 12:00:00 AM",1.6822531652823505,3.4071481564933537,3.4747385200092578,5.177582551951095,3.8675169511035032,5.237134348018699,6.102526249667907,6.529035589334435,11.737006132027785
1630627200000,"9/3/2021, 12:00:00 AM",1.7000232020573565,3.417851943843551,3.482784493185346,5.229660910376897,3.8905466208956234,5.262373688390125,6.191461138988462,6.608843637303703,11.726529674004077
1630713600000,"9/4/2021, 12:00:00 AM",1.720550217288836,3.5248250182852683,3.63551968422769,5.338326674066875,3.972410461320859,5.3308236210463,6.280297392492036,6.821146760466603,12.023055944399859
1630800000000,"9/5/2021, 12:00:00 AM",1.723255080460076,3.498269966377128,3.571673048007238,5.267245265637665,3.958748795719626,5.389365428576514,6.39991148416898,7.07363684751701,12.122789170521653
1630886400000,"9/6/2021, 12:00:00 AM",1.7812508153931905,3.564724890447297,3.70325690150215,5.427164102164974,4.103135758179261,5.61340069530933,6.706865391139246,7.268013761145111,12.505648975594983
1630972800000,"9/7/2021, 12:00:00 AM",1.8172090088425854,3.577956222219433,3.776788292102852,5.434948536152249,4.144435818230028,5.657495975146919,6.742279132922328,7.521658797084298,13.479422398266882
1631059200000,"9/8/2021, 12:00:00 AM",1.6192711279554708,3.1385435399063804,3.164048469954898,4.6243148310901265,3.468350221765501,4.73246574935506,5.691583810449148,6.572807080793205,11.458635457778783
1631145600000,"9/9/2021, 12:00:00 AM",1.5879113858836251,3.1611225167523567,3.1427351025542265,4.568872840783938,3.4284222398510384,4.742897440909119,5.787105223608305,6.743799418523491,12.373610583705728
1631232000000,"9/10/2021, 12:00:00 AM",1.6028623305261538,3.127386444089926,3.1647627815240034,4.631092252707491,3.5471203992372815,4.862851515829041,5.990040992124948,7.00780969694324,12.327810591871327
1631318400000,"9/11/2021, 12:00:00 AM",1.543724089159505,2.94478520020183,3.0315695418016415,4.403837126395142,3.4284673784072677,4.66348153108228,6.026895665778884,6.7510912491721005,11.843042603431707
1631404800000,"9/12/2021, 12:00:00 AM",1.5572957312499858,2.9909611726494756,3.1294670754574683,4.598941594187487,3.520169111000032,4.745867117559559,6.049338978087374,6.88547335341858,12.17204535595556
1631491200000,"9/13/2021, 12:00:00 AM",1.591708095156665,3.1095292357740503,3.3147983914759447,4.746185258256359,3.731513844069973,4.976783415091453,6.261636002830027,7.054784839721662,12.207503120413394
1631577600000,"9/14/2021, 12:00:00 AM",1.5553436434517223,3.012380103049618,3.2066962888771884,4.514490215619547,3.5831854060702537,4.749256413806421,5.969782192476718,6.689777486657632,11.493814388229042
1631664000000,"9/15/2021, 12:00:00 AM",1.6241042132882164,3.1307444466441754,3.3420664406561125,4.648390614722064,3.681063269801973,4.922406815615269,6.1317051254599075,6.783284421499566,11.911792713226525
1631750400000,"9/16/2021, 12:00:00 AM",1.6603210697577087,3.264414601964043,3.399537292954226,4.777941363993184,3.7641107094753745,5.051254334226487,6.349158862277025,7.08017702981665,12.17293375055676
1631836800000,"9/17/2021, 12:00:00 AM",1.6497409963488054,3.2437884321207267,3.3443153480016923,4.688660252599138,3.7230997175076257,4.957122461836355,6.269735908417653,6.929542241921521,11.97003109728051
1631923200000,"9/18/2021, 12:00:00 AM",1.6273164273544543,3.1235004378202715,3.2132231146883443,4.504666141485624,3.552200985405561,4.769103375009907,5.987775504305906,6.670497913607136,11.568165765260169
1632009600000,"9/19/2021, 12:00:00 AM",1.6630808093029275,3.1518123104835065,3.27387313539718,4.572344449089499,3.65774789728287,4.842323119864051,6.079781148370495,6.873664961515979,11.829992725143251
1632096000000,"9/20/2021, 12:00:00 AM",1.6322223285165423,3.0743080144823054,3.1840490756665,4.46301181373023,3.6045468173751027,4.708469831582579,5.903044259398851,6.677409431729812,11.434659335143385
1632182400000,"9/21/2021, 12:00:00 AM",1.4793028620557918,2.7551228652394446,2.795892629108934,3.9634607772063415,3.144723118737597,4.109509765751198,5.057528737682286,5.7178935919710945,9.897230373547202
1632268800000,"9/22/2021, 12:00:00 AM",1.3915664465034328,2.5533841377360496,2.5972395665111128,3.7186888692643785,2.931896440287195,3.86637572386719,4.697371807882213,5.289797371089138,9.091873793842217
1632355200000,"9/23/2021, 12:00:00 AM",1.5018466916470734,2.831920681829003,2.965917253715772,4.189447186527036,3.3420684743251723,4.3624681414316475,5.479808163763553,6.138729578928927,10.276135743831862
1632441600000,"9/24/2021, 12:00:00 AM",1.5498673336639943,2.913572589387716,3.051035107844231,4.307837590761889,3.4515458588227084,4.46340671248146,5.7066372558512874,6.359222621599934,10.684906888136837
1632528000000,"9/25/2021, 12:00:00 AM",1.4730739379535824,2.72047651510091,2.8424103494759168,4.056858187140887,3.271864718848608,4.153458994296486,5.38184479750567,5.963941281552489,9.983806629025676
1632614400000,"9/26/2021, 12:00:00 AM",1.4766810463720268,2.73326556072528,2.833430070233012,4.078262067670556,3.253440986612018,4.122827333291727,5.2833878387264805,5.934612723653799,9.715962689224334
1632700800000,"9/27/2021, 12:00:00 AM",1.493220194229391,2.820294158827148,2.8412889404162156,4.001027987072641,3.190667356635967,4.094724729931369,5.1839583426574185,5.846322645716115,9.469679559428714
1632787200000,"9/28/2021, 12:00:00 AM",1.4556800592414443,2.717871757168677,2.747813443020529,3.8718574642339503,3.093939716687234,3.952125887631267,5.055499133344969,5.705788685321462,9.202089002746064
1632873600000,"9/29/2021, 12:00:00 AM",1.4130585066956711,2.6012762275120975,2.64038662974614,3.7378093927980736,2.969634300909681,3.81526600434444,4.797978192517037,5.424662127328252,8.986940769321885
1632960000000,"9/30/2021, 12:00:00 AM",1.4329497733742216,2.649555204118648,2.717845580633862,3.896546909351878,3.0762894612065885,3.914023901851237,4.9153564282617195,5.5374397492800504,8.989952637657964
1633046400000,"10/1/2021, 12:00:00 AM",1.511222309245515,2.795567914598767,2.839346184923643,4.056281916955491,3.2077619861491575,4.079764763688615,5.194789271024548,5.816590756374141,9.56113552192599
1633132800000,"10/2/2021, 12:00:00 AM",1.660160625359736,3.0674423813814267,3.120472893121246,4.398462962129795,3.4812198903371407,4.441032732068708,5.594728163685565,6.347340643377057,10.66458885686239
1633219200000,"10/3/2021, 12:00:00 AM",1.646236415184251,3.1206042751070298,3.1512416531394325,4.443364772562182,3.5379080756694843,4.502924507099495,5.7662683926380645,6.504077523910401,10.600895761995579
1633305600000,"10/4/2021, 12:00:00 AM",1.6636439624337664,3.151283466505804,3.1799871090144474,4.4852047007543705,3.6016441255033453,4.561249594496113,5.88929482187,6.639251287892016,10.859144807919892
1633392000000,"10/5/2021, 12:00:00 AM",1.6973165933374115,3.1436980071320835,3.1387870467440453,4.403869924687864,3.5295106664977633,4.586867135359201,5.900445995512019,6.5595433187980055,10.700189466018852
1633478400000,"10/6/2021, 12:00:00 AM",1.7803131882598622,3.2732201787851944,3.246524419785613,4.545194061678732,3.628419357547644,4.714961903138761,6.0234612219343315,6.6558516633745635,10.961911722269438
1633564800000,"10/7/2021, 12:00:00 AM",1.9093862195507147,3.3863839795294104,3.313750148319378,4.5485686240352665,3.6183011484101204,4.678451995081736,5.968249546212519,6.650313168915029,12.401547301922173
1633651200000,"10/8/2021, 12:00:00 AM",1.8569987952224278,3.3620465939169444,3.323994583097865,4.6176703136098896,3.6567478604537884,4.668234834783731,6.02047973043984,6.840232092377202,11.534370303647007
1633737600000,"10/9/2021, 12:00:00 AM",1.8610074714684366,3.339431417508351,3.293362738134682,4.503943475883542,3.5780578809632884,4.64434278345791,6.0029143436523675,7.012615513155817,11.51911345509143
1633824000000,"10/10/2021, 12:00:00 AM",1.899409607663838,3.3786234599131397,3.472801852350069,4.644845613334619,3.6940466064900064,4.783497053242168,6.102765837964088,7.020544777760832,11.670803709261557
1633910400000,"10/11/2021, 12:00:00 AM",1.8851588744753043,3.265176665713848,3.351247342353137,4.466362807901137,3.5134047000990285,4.534169388379524,5.751976208067002,6.726062983398315,10.94230588195629
1633996800000,"10/12/2021, 12:00:00 AM",1.9837254797798578,3.386771321309313,3.3984518970818063,4.504328334595217,3.529032913957199,4.5653627360791535,5.756839116793147,6.776664009345423,10.988947227878283
1634083200000,"10/13/2021, 12:00:00 AM",1.9410868761242361,3.3385539123904153,3.361161274144068,4.513712071270621,3.527967073555135,4.506357073079668,5.643721556837663,6.617426928849579,10.880787656806554
1634169600000,"10/14/2021, 12:00:00 AM",1.9808130768910615,3.431218648251201,3.572355957118915,4.748499836908823,3.6885094509155643,4.671830141752609,5.765331684867926,6.689826754973223,11.27864395614867
1634256000000,"10/15/2021, 12:00:00 AM",1.9795880206292968,3.558457611313557,3.609321959501971,4.776488343600596,3.6875001024591287,4.694873296465721,5.823407703695867,6.798649534270367,11.431073057795498
1634342400000,"10/16/2021, 12:00:00 AM",2.1296992932288163,3.6951994015572436,3.7518147338743146,4.899885063015306,3.7536236494738535,4.722854058796081,5.8359617760573315,6.9162071915038945,11.363163630551067
1634428800000,"10/17/2021, 12:00:00 AM",2.1075306271517267,3.663032893529404,3.694375220458304,4.83057431002587,3.722341807349879,4.7263688311930165,5.866275427540671,6.98217286087139,11.521109120136144
1634515200000,"10/18/2021, 12:00:00 AM",2.121938068730262,3.6700506082211235,3.653155392633697,4.786903550882097,3.6685735765582126,4.682791893153744,5.769648106824626,6.9678692560371305,11.52680870612668
1634601600000,"10/19/2021, 12:00:00 AM",2.1368988579950052,3.608750452132507,3.6003861606390375,4.774167754317494,3.6466760717679967,4.698475470951176,5.7372044030251494,6.923128536248206,11.308826686808237
1634688000000,"10/20/2021, 12:00:00 AM",2.2230279944851783,3.741149938818624,3.676723315616595,4.822091413345006,3.7257638900192163,4.7588828142575075,5.839042536754458,7.078175755939003,11.335963614408882
1634774400000,"10/21/2021, 12:00:00 AM",2.2822880108782084,3.9640605386826633,3.9073864333302737,5.042913645362501,3.9231190587776155,4.975234112313383,6.17363016031611,7.447414192674207,11.801242855709804
1634860800000,"10/22/2021, 12:00:00 AM",2.15492334515632,3.8359010929597535,3.7604838672097074,4.859966631878698,3.7772754657042134,4.85677802730122,6.039280284826322,7.2789177882990215,11.454160350408914
1634947200000,"10/23/2021, 12:00:00 AM",2.102832028005477,3.7528920906399095,3.735173118783076,4.886224799032607,3.8356578577903835,4.922169722596612,6.191867015513356,7.560458374850325,12.282102625308752
1635033600000,"10/24/2021, 12:00:00 AM",2.1215372060167392,3.8900039496997616,3.806108801196278,4.9615100035026884,3.881118858997578,4.987622515869714,6.247487055827955,7.641703816451305,12.736239528591145
1635120000000,"10/25/2021, 12:00:00 AM",2.1077901075473786,3.8259266589951477,3.729075600342146,4.86160174968688,3.803766294085952,5.04771142984853,6.199955518479652,7.627341504268375,12.234681269803561
1635206400000,"10/26/2021, 12:00:00 AM",2.1785990734690968,3.9529005138375592,3.841917128426841,4.980740994417773,3.8930466110681774,5.091701913490239,6.413448833937529,8.041179573607602,12.639740072191806
1635292800000,"10/27/2021, 12:00:00 AM",2.0881853490801174,3.85513725951846,3.830687395793377,4.940065831577519,3.9177254317007972,5.033235955359571,6.4216667832587,8.059645813771057,12.590049168467978
1635379200000,"10/28/2021, 12:00:00 AM",2.0205415232964543,3.6801870999122213,3.529982470604122,4.538726371789333,3.549534892688064,4.590599278079322,5.862804876795973,7.520233897032537,11.829733680412168
1635465600000,"10/29/2021, 12:00:00 AM",2.093814341188723,3.9496954748506217,3.743738555671025,4.81849341296336,3.7369241901678114,5.010218665420292,6.277661710256661,7.936680465176184,12.226364264513752
1635552000000,"10/30/2021, 12:00:00 AM",2.1460374944477736,4.067088005004237,3.867312164339922,5.0051562654240955,3.879499303058497,5.083595682479109,6.520985157312342,8.08031169256249,12.868272061338489
1635638400000,"10/31/2021, 12:00:00 AM",2.1306720949548508,3.992841295686122,3.7907238029652355,4.908641368831416,3.8391494333676848,4.93290876311133,6.801881587207672,8.093380969510356,14.788980032067215
1635724800000,"11/1/2021, 12:00:00 AM",2.1180822226968083,3.964498765149515,3.8188890756484764,4.933937283248987,3.8419116346920434,5.041111344451532,6.818724728151704,8.246421684980373,13.63986122187257
1635811200000,"11/2/2021, 12:00:00 AM",2.1060212959701037,3.984539108752507,3.9732466845398413,5.086033401611228,3.9250618324413087,5.088757502158741,6.934157673706745,8.25372319416068,13.51706993305456
1635897600000,"11/3/2021, 12:00:00 AM",2.1792535721803157,4.2012485572375855,4.129221749670427,5.19617447462574,4.005297402247228,5.1929085725738835,7.2332373577885996,8.642004153080851,13.799354326382074
1635984000000,"11/4/2021, 12:00:00 AM",2.1752474756524776,4.20676373792306,4.250814811023911,5.349455146935746,4.086768738781276,5.274060098332059,7.273256604041805,8.85229956056619,14.03896043610807
1636070400000,"11/5/2021, 12:00:00 AM",2.1225572153565575,4.141369382827884,4.22813975649299,5.263548996976071,4.026557652035613,5.234087253149793,7.26601311240511,8.871493040092851,13.910863860024639
1636156800000,"11/6/2021, 12:00:00 AM",2.1103473910391872,4.097889431334762,4.124766086523393,5.351531471681432,4.084431226033838,5.265624850025298,7.184863706749359,8.734323631775487,13.937656773725088
1636243200000,"11/7/2021, 12:00:00 AM",2.1246113202508714,4.126887529502182,4.1256919834044865,5.427203459264294,4.117745693419189,5.257445247467209,7.327656653996699,8.96509921925008,14.066071881734809
1636329600000,"11/8/2021, 12:00:00 AM",2.1760154282400426,4.21996221547775,4.23700428229486,5.5365811020683395,4.186640708058624,5.364667152853427,7.412914791955817,9.099737378910975,14.593549291861544
1636416000000,"11/9/2021, 12:00:00 AM",2.3298201626023745,4.4243835550404835,4.444251974252772,5.742473390091616,4.349929651065332,5.585496638488897,7.676780849855344,9.423094054745018,14.410446670749131
1636502400000,"11/10/2021, 12:00:00 AM",2.313569256042244,4.366893052065347,4.4037756834139055,5.783532751106526,4.391607449038275,5.567419894521264,7.632565382309705,9.326075241365734,14.882389955273522
1636588800000,"11/11/2021, 12:00:00 AM",2.241751652835717,4.262916392440096,4.20497707878455,5.498037643935363,4.135969452965861,5.2270032211646615,7.242654109294188,8.99229624116998,14.219458446396008
1636675200000,"11/12/2021, 12:00:00 AM",2.23984246502644,4.323831274293973,4.277206650953521,5.582852081524285,4.2021287090673916,5.368406896860219,7.465833693279872,9.119302856713292,14.668724919632957
1636761600000,"11/13/2021, 12:00:00 AM",2.220078529285152,4.281579283233999,4.18597375851866,5.510843319910073,4.128037314247986,5.245420725186164,7.439757220002969,9.069433018188713,14.445583410826895
1636848000000,"11/14/2021, 12:00:00 AM",2.227944428061015,4.272915813313163,4.216131765531608,5.586977703849477,4.19630718413877,5.312435865011859,7.546816169249687,9.254003905805067,14.913494602651003
1636934400000,"11/15/2021, 12:00:00 AM",2.262009212909853,4.280774909502784,4.237430210089183,5.603451700314464,4.202000752789836,5.339754604252299,7.568940073677101,9.30981373194036,14.813239435809216
1637020800000,"11/16/2021, 12:00:00 AM",2.2029120582502464,4.204019199573008,4.13165967378096,5.464494794273222,4.12108937955579,5.24725522577707,7.433284847592284,9.179770200617282,14.474386075942144
1637107200000,"11/17/2021, 12:00:00 AM",2.082823067645074,3.913910584154832,3.8119289091910082,5.059015914402136,3.798973474756949,4.8586202768868,6.9179019726661455,8.56173691890862,13.462437815302739
1637193600000,"11/18/2021, 12:00:00 AM",2.088166983258439,3.9568280664612674,3.860645974501385,5.047903261560461,3.818823532422159,4.918591448073193,6.997111489978662,8.647284885757326,14.097973771137708
1637280000000,"11/19/2021, 12:00:00 AM",1.9635621526209905,3.685379104507719,3.572785049247957,4.674512993956898,3.5194284599713916,4.567955631177388,6.5480281192168475,7.8713713809556785,12.986477683427012
1637366400000,"11/20/2021, 12:00:00 AM",2.014279262342016,3.929901737364005,3.7982044128420407,5.004959734953917,3.7569820350940346,4.881819954531378,7.117564975552777,8.64868198450642,21.074873305395535
1637452800000,"11/21/2021, 12:00:00 AM",2.0702241574099323,4.03815231362663,3.877130666023189,5.136912453730253,3.85815839951874,4.992230030285173,7.30136604434659,8.902375874113334,43.908286875037895
1637539200000,"11/22/2021, 12:00:00 AM",2.037727472397545,3.9428161557463044,3.816037002119213,5.032478347218528,3.8225115086829806,5.0377215840135445,7.236961705981868,8.891428789164925,34.146998892385966
1637625600000,"11/23/2021, 12:00:00 AM",1.942872440370977,3.74761333220154,3.6183263478606777,4.777179735839303,3.641700065287357,4.881889803560544,7.0495490934418745,8.515654156565764,30.84012674514433
1637712000000,"11/24/2021, 12:00:00 AM",1.9897994849089597,3.9432622378322457,3.7663046790311534,4.934029587615601,3.7461270211595177,5.032469898250946,7.259946860478656,8.94975063871419,34.05998483762355
1637798400000,"11/25/2021, 12:00:00 AM",1.9708276225371335,3.875570399343722,3.6456006972983865,4.823906447536532,3.6402500941331533,4.893535076739888,7.2880805074141,8.915023505331227,52.477230201581875
1637884800000,"11/26/2021, 12:00:00 AM",2.0293914235805937,4.071654648746852,3.7729434441225282,5.026195506302994,3.80577446251889,5.015372013640674,7.536897162848735,9.277270310591446,43.491742521034475
1637971200000,"11/27/2021, 12:00:00 AM",1.8546970184174614,3.667816967869263,3.3715932476387636,4.558822741287268,3.454243027088707,4.537355721035886,6.829476912242402,8.382209798446496,37.12501300805727
1638057600000,"11/28/2021, 12:00:00 AM",1.8790096379855932,3.7041912719693615,3.3924936967649644,4.605936537367512,3.4714562307194887,4.636773717112396,7.005884301791992,8.514430080577542,35.73363787762821
1638144000000,"11/29/2021, 12:00:00 AM",1.9721878569000124,3.890232488601265,3.5131391783518864,4.743236781136295,3.558268700173614,4.70753655289899,7.226801371190264,8.719625681269365,41.32610885420462
1638230400000,"11/30/2021, 12:00:00 AM",1.9932444205438726,4.005305094624281,3.6269284051736395,4.843101567375463,3.6505649667802538,4.799564923868306,7.358717749675103,8.922623910600535,38.760171639244675
1638316800000,"12/1/2021, 12:00:00 AM",1.964387657076392,4.121251015903206,3.698444797210507,4.853817354153823,3.652007589530429,4.787658751063146,7.370944027458061,8.833048429400442,35.97005957471066
1638403200000,"12/2/2021, 12:00:00 AM",1.9698348778219175,4.091812488611537,3.652997167516104,4.83633578493463,3.629911271219473,4.7962881370830095,7.411318217078076,8.978170693543234,35.04166910152741
1638489600000,"12/3/2021, 12:00:00 AM",1.9470557995665085,4.032922285820524,3.5907258011031065,4.868080299895713,3.6688114257906586,4.719333340212145,7.276499877786607,8.863788388111871,34.17638298135042
1638576000000,"12/4/2021, 12:00:00 AM",1.8532558672326835,3.7969625399533404,3.38082015622175,4.593008421742071,3.52588283700497,4.519897694071395,6.929633180313603,8.442270588492784,30.85826840933706
1638662400000,"12/5/2021, 12:00:00 AM",1.6939315683468192,3.623544941749179,3.100230121546225,4.2442331678750085,3.206943112311715,4.040316646584139,6.546083301375719,7.741112860756283,27.16670566833649
1638748800000,"12/6/2021, 12:00:00 AM",1.6976004280370731,3.6909858299258467,3.0585716352642702,4.148844211662418,3.097607254153899,3.8893420886381196,6.1255943539640505,7.3209550420017315,24.558774781788106
1638835200000,"12/7/2021, 12:00:00 AM",1.7387102669812131,3.8124338838070058,3.136845254493135,4.328440254984525,3.225888641948485,4.020458678770983,6.3307328921403965,7.556987793601321,24.881381237049638
1638921600000,"12/8/2021, 12:00:00 AM",1.7451220886041785,3.7905598226737403,3.1650723064937676,4.312161407174081,3.260049583562323,4.026401841995371,6.376245219738205,7.610284334988216,30.629542297886598
1639008000000,"12/9/2021, 12:00:00 AM",1.7410836470047315,3.870432848359654,3.2295671858082162,4.430381948356854,3.3571686492233725,4.1361562565345205,6.5771225450870725,7.80561184756802,28.627969498639715
1639094400000,"12/10/2021, 12:00:00 AM",1.649961465553298,3.636541838534313,3.0622574589949565,4.176354382423345,3.1295587630048036,3.8449290083689207,6.0520620644066705,7.1533766726694,25.966958508249746
1639180800000,"12/11/2021, 12:00:00 AM",1.6298973954502647,3.4673389564741184,2.9176695975421536,3.980122311116322,2.993652626043575,3.68955418657822,5.738456957705093,6.856435456296266,23.86840120861003
1639267200000,"12/12/2021, 12:00:00 AM",1.696698795164461,3.6101429063915647,3.0491189770343716,4.1669910341922884,3.146991112860314,3.833144613586531,5.971783981601967,7.091493370926636,25.523085898923846
1639353600000,"12/13/2021, 12:00:00 AM",1.7245660808464234,3.662003231301143,3.1128055851052965,4.215136344560053,3.1763245225690304,3.8760118620950887,6.071185183945629,7.163481411145688,25.924580710931103
1639440000000,"12/14/2021, 12:00:00 AM",1.608973589431205,3.365283241991241,2.8407744155131027,3.847847173595037,2.9184238314398883,3.5250798347624106,5.398190241284597,6.379780695524332,22.313319976424246
1639526400000,"12/15/2021, 12:00:00 AM",1.668040340295768,3.4457694199237605,2.91475962901543,3.930058884805974,2.998117112643554,3.763103619561257,5.689756513300095,6.6573425103146295,22.347496070642535
1639612800000,"12/16/2021, 12:00:00 AM",1.6861745260470622,3.5614940148107954,3.003932359658843,4.047839945854829,3.09219018928687,3.858264197985593,5.947368926890365,7.06453080166478,22.775789360142447
1639699200000,"12/17/2021, 12:00:00 AM",1.6433685798551076,3.510195452614013,2.93314692117075,3.929327178373182,3.0017299274488494,3.7424683675858845,5.861717764971871,6.9788320005811615,25.63796844403866
1639785600000,"12/18/2021, 12:00:00 AM",1.596307231686133,3.4292517947195282,2.858655635715056,3.8721180925649206,2.9476573414657703,3.6753667619780597,5.842161103746167,6.965171967614111,24.31245856547768
1639872000000,"12/19/2021, 12:00:00 AM",1.6184060339481146,3.4942384844751277,2.9350129254227695,3.962587626352729,3.011765877323214,3.7430354783307425,6.127097050954829,7.200625710114039,26.35433464261107
1639958400000,"12/20/2021, 12:00:00 AM",1.6127893953868315,3.465988271123548,2.92044981383184,3.9323040016174353,2.993804516004429,3.696173467074227,6.13024284103235,7.203361657029664,25.76649128155723
1640044800000,"12/21/2021, 12:00:00 AM",1.6234694008764616,3.4859777267827647,2.962120676183186,3.942523820383019,2.9893166202556807,3.661256699196976,6.1403867679234905,7.115468923428869,25.856482390536815
1640131200000,"12/22/2021, 12:00:00 AM",1.6933536202637942,3.5791823277500976,3.0826556316748137,4.04081720724916,3.070803391222704,3.7819590244893524,6.434597253904915,7.476795851810416,26.304121826398237
1640217600000,"12/23/2021, 12:00:00 AM",1.679939107070882,3.542720039211046,3.118420921979432,4.102540562782084,3.1475472780251303,3.8534894009485234,6.4771982834809085,7.61024120926051,26.19451088861764
1640304000000,"12/24/2021, 12:00:00 AM",1.7538378179315248,3.661535480423167,3.2550655435410936,4.319035614314446,3.3005609445515205,4.080339963661604,6.968121110789062,8.146160625150937,27.97114914056425
1640390400000,"12/25/2021, 12:00:00 AM",1.753427999818948,3.6217887182586725,3.1379795409658184,4.189379427827204,3.1945151898013537,4.037335754425761,6.939710530171565,8.113963202365374,26.912346003006707
1640476800000,"12/26/2021, 12:00:00 AM",1.7456673118022965,3.655447794928377,3.176623221304184,4.266027064483982,3.2721682183814176,4.12495099166531,7.110712579532909,8.3166613712562,26.743111085603964
1640563200000,"12/27/2021, 12:00:00 AM",1.752192376489502,3.634651677877133,3.2117990573700177,4.285095253636565,3.329562081436487,4.158200318657776,7.184189707052534,8.548198991369674,26.900015007330193
1640649600000,"12/28/2021, 12:00:00 AM",1.7494774943689135,3.612999367256149,3.2003251661774987,4.364121145004736,3.3566200897514857,4.198559971535457,7.042808325845054,8.43682373429161,27.168901784871863
1640736000000,"12/29/2021, 12:00:00 AM",1.6444235417004829,3.399569648009748,2.971284769105797,4.0800539384965555,3.134979563961561,3.902922949029311,6.524483708788079,7.834331824403425,24.32334254103523
1640822400000,"12/30/2021, 12:00:00 AM",1.6024506991190028,3.2682724267604586,2.855393407758325,3.912660895800065,3.03656270660215,3.7701069692490266,6.333946173169345,7.614128067694968,23.70866227851983
1640908800000,"12/31/2021, 12:00:00 AM",1.626048792593906,3.327822842031102,2.918937313967587,3.969039287087666,3.0924787274335133,3.8412153986767534,6.444242477815191,7.725849076664992,23.714264233665237
