timestamp,readableTimestamp,moonRug10,moonRug20,moonRug50,moonRug100,equalWeight10,equalWeight20,equalWeight50,equalWeight100,squareRoot10,squareRoot20,squareRoot50,squareRoot100,moonRug10_cap20p,moonRug20_cap10p,moonRug20_cap20p,moonRug50_cap5p,moonRug50_cap10p,moonRug50_cap20p,moonRug100_cap5p,moonRug100_cap10p,moonRug100_cap20p
1609459200000,"1/1/2021, 12:00:00 AM",1,1,1,1,1,1,1,1,1,1,1,1,1,1,1,1,1,1,1,1,1
1609545600000,"1/2/2021, 12:00:00 AM",1.00840223,1.0090446,1.00902068,1.00958922,1.00247959,1.01437995,1.00861294,1.02453664,1.00494411,1.00970431,1.00880631,1.01536596,1.00380737,1.00932952,1.00717245,1.00934987,1.00870304,1.00680363,1.0121402,1.01117571,1.0086152
1609632000000,"1/3/2021, 12:00:00 AM",1.09433859,1.0925992,1.09030607,1.08994722,1.04128563,1.04432734,1.03212135,1.04864717,1.06728735,1.06247908,1.05233095,1.0550303,1.04880116,1.04349495,1.05165355,1.03855721,1.04196467,1.05126948,1.04166907,1.04434456,1.05319973
1609718400000,"1/4/2021, 12:00:00 AM",1.16439689,1.16133143,1.15885268,1.15873103,1.16697886,1.12058198,1.10217607,1.12971006,1.17341699,1.15172163,1.13470866,1.13854344,1.16978582,1.14318353,1.161782,1.12492647,1.13551522,1.15934315,1.1298497,1.13761209,1.16175377
1609804800000,"1/5/2021, 12:00:00 AM",1.13237133,1.12958332,1.12787279,1.12806257,1.13998645,1.09021905,1.08379912,1.11159781,1.15001765,1.12726997,1.11429897,1.11924825,1.15374323,1.11963749,1.14621926,1.10347199,1.11699345,1.14591624,1.10951191,1.12046815,1.14891465
1609891200000,"1/6/2021, 12:00:00 AM",1.21933649,1.21603234,1.21371524,1.21419576,1.2125262,1.15716357,1.15158976,1.19455225,1.22968581,1.20398272,1.18872296,1.19888989,1.22376226,1.18851365,1.21885112,1.17474673,1.18564056,1.2201188,1.18417523,1.19177455,1.22565193
1609977600000,"1/7/2021, 12:00:00 AM",1.32262172,1.32081908,1.31758532,1.31793809,1.3559604,1.28678479,1.25293798,1.30239446,1.35021645,1.32670237,1.29961719,1.30865981,1.34721251,1.32373011,1.34592322,1.3031618,1.30648185,1.3397538,1.30902432,1.30943273,1.34382522
1610064000000,"1/8/2021, 12:00:00 AM",1.39859376,1.39450344,1.38871045,1.38901972,1.35749207,1.27980145,1.249605,1.33172764,1.39353529,1.35972103,1.3226187,1.34022576,1.37791375,1.34184445,1.3752114,1.30221322,1.32302495,1.36687815,1.31723469,1.33120399,1.37476463
1610150400000,"1/9/2021, 12:00:00 AM",1.43121921,1.42597721,1.41914359,1.41942895,1.35461936,1.27200351,1.24714342,1.34812592,1.40942217,1.3704933,1.32995865,1.35259166,1.38476993,1.34140503,1.38139992,1.2976373,1.32376193,1.37305932,1.31720701,1.33527736,1.38310113
1610236800000,"1/10/2021, 12:00:00 AM",1.44319287,1.44229148,1.43773309,1.43942931,1.45809686,1.38768912,1.35157801,1.45421548,1.46460521,1.44343839,1.40879846,1.43667031,1.46122414,1.44522655,1.46612571,1.41068136,1.41979553,1.45504901,1.42770181,1.42930856,1.46448816
1610323200000,"1/11/2021, 12:00:00 AM",1.38629726,1.38577586,1.38399276,1.38603071,1.40130018,1.34695466,1.35047123,1.4378812,1.41164585,1.39419328,1.38025136,1.40703159,1.41495441,1.39739666,1.41971598,1.37800926,1.38657111,1.41794911,1.39406998,1.39620353,1.42699059
1610409600000,"1/12/2021, 12:00:00 AM",1.26451744,1.26305448,1.26057696,1.26211661,1.24486265,1.19309762,1.20254999,1.28765059,1.26977586,1.25046982,1.23659997,1.26178951,1.2704777,1.24750093,1.27198532,1.22661138,1.24147279,1.26919207,1.24196795,1.25210321,1.27742867
1610496000000,"1/13/2021, 12:00:00 AM",1.20740789,1.207163,1.20679083,1.20930931,1.22656778,1.17696126,1.19714741,1.2824681,1.22924499,1.21472383,1.21167488,1.24130226,1.24060379,1.22521287,1.23984708,1.2124304,1.22224509,1.23893959,1.2282285,1.23343623,1.24759439
1610582400000,"1/14/2021, 12:00:00 AM",1.3271188,1.32562585,1.32441514,1.32742081,1.35549846,1.28619885,1.30083662,1.40507552,1.34932103,1.32766283,1.3202628,1.35695852,1.35223124,1.33677071,1.34758014,1.32179469,1.32780712,1.34589747,1.34296167,1.3412652,1.3573561
1610668800000,"1/15/2021, 12:00:00 AM",1.39708122,1.39411835,1.39110864,1.39346466,1.42991567,1.32792699,1.32969875,1.43051083,1.42323338,1.38969293,1.37012474,1.40206669,1.42541268,1.39957418,1.41481332,1.36943395,1.38197372,1.4083326,1.39114797,1.39368005,1.41898668
1610755200000,"1/16/2021, 12:00:00 AM",1.32338806,1.32199156,1.32205152,1.32605345,1.38861129,1.29666725,1.31969408,1.43534966,1.36471456,1.33836727,1.33572759,1.37857768,1.37477622,1.3558733,1.36629843,1.34618912,1.34844284,1.36638082,1.36990322,1.36385912,1.37956647
1610841600000,"1/17/2021, 12:00:00 AM",1.33814553,1.33741423,1.33978113,1.34487634,1.46885712,1.35278286,1.38972713,1.50222865,1.41656803,1.38608839,1.39158115,1.43647051,1.45237502,1.43222908,1.43329291,1.41404114,1.42316418,1.43121332,1.43934452,1.43598299,1.44322926
1610928000000,"1/18/2021, 12:00:00 AM",1.3377566,1.33765114,1.34072124,1.34762178,1.49196596,1.37052669,1.40818396,1.55122015,1.42457919,1.39535249,1.40337827,1.46309583,1.45823849,1.44501506,1.44048175,1.43407636,1.43311271,1.43929199,1.46643045,1.45179873,1.45590288
1611014400000,"1/19/2021, 12:00:00 AM",1.35323934,1.35315174,1.35769386,1.36512667,1.49322972,1.38096491,1.43912258,1.58336825,1.43317081,1.40589753,1.42466552,1.48772181,1.46239349,1.44923348,1.44760256,1.45213429,1.44598687,1.45336027,1.48556621,1.46733866,1.47195361
1611100800000,"1/20/2021, 12:00:00 AM",1.37537618,1.37358938,1.37616024,1.38333724,1.51059577,1.37881669,1.42081088,1.5827313,1.46316734,1.42476639,1.42989526,1.4944515,1.49713457,1.46351645,1.47753284,1.44773229,1.45567818,1.4797309,1.48511822,1.47825171,1.49925351
1611187200000,"1/21/2021, 12:00:00 AM",1.3632202,1.36176625,1.36523645,1.37356476,1.51828528,1.38172885,1.42659726,1.59836896,1.4612904,1.42282451,1.43095511,1.50210036,1.50426904,1.47212058,1.48106233,1.45374003,1.46482226,1.4820673,1.49543653,1.48916347,1.50299637
1611273600000,"1/22/2021, 12:00:00 AM",1.17724613,1.17841134,1.18264935,1.19062182,1.33525913,1.22364548,1.26343619,1.41164958,1.27326114,1.24837006,1.25890658,1.32257135,1.32409101,1.30936769,1.30572976,1.29099776,1.30291175,1.30255336,1.32559147,1.32384237,1.31916668
1611360000000,"1/23/2021, 12:00:00 AM",1.25418231,1.25479164,1.25913498,1.26760049,1.41488203,1.297167,1.34093165,1.50056724,1.35182048,1.32387477,1.3355758,1.40431694,1.39918917,1.3818289,1.38038599,1.36668432,1.37553547,1.37944009,1.40489634,1.39832818,1.39836591
1611446400000,"1/24/2021, 12:00:00 AM",1.24148488,1.24318133,1.24922342,1.25951041,1.44338142,1.32449934,1.36857703,1.545401,1.36061324,1.33508521,1.3512276,1.42984347,1.42066891,1.40765361,1.39774487,1.39123518,1.40052579,1.3950294,1.43406249,1.42477374,1.41547273
1611532800000,"1/25/2021, 12:00:00 AM",1.29304868,1.29565553,1.30126918,1.31165219,1.47186835,1.39077149,1.42276752,1.60415514,1.40902745,1.39208783,1.40445628,1.48414796,1.46426662,1.44646127,1.45131415,1.43334162,1.44050211,1.45197725,1.47584555,1.46733113,1.47458931
1611619200000,"1/26/2021, 12:00:00 AM",1.2738889,1.27598353,1.28107287,1.2917882,1.44184819,1.35886559,1.3891122,1.5789836,1.3813495,1.36342903,1.37460826,1.45842058,1.43200074,1.41490784,1.41893902,1.40279516,1.40917833,1.41960944,1.44836131,1.43896815,1.44405982
1611705600000,"1/27/2021, 12:00:00 AM",1.28691738,1.28958484,1.29514265,1.30677249,1.43663316,1.37476724,1.41010447,1.61769845,1.38789763,1.37563148,1.3902907,1.48245752,1.43555857,1.41890978,1.42812939,1.41280995,1.41779969,1.43226808,1.46147729,1.45188876,1.4599663
1611792000000,"1/28/2021, 12:00:00 AM",1.19232883,1.19721385,1.2031176,1.21464991,1.32787296,1.293929,1.32683999,1.52713635,1.28386518,1.28431907,1.30081507,1.3909384,1.330701,1.32662599,1.33182435,1.3252294,1.32732078,1.33538302,1.37014926,1.3612471,1.36175691
1611878400000,"1/29/2021, 12:00:00 AM",1.29100502,1.29870448,1.30597256,1.31927134,1.43452297,1.43352613,1.46363756,1.68094438,1.38685172,1.40201214,1.42306741,1.52408147,1.43193489,1.44441985,1.44447025,1.45168949,1.44429973,1.45066493,1.50041793,1.48168066,1.48108808
1611964800000,"1/30/2021, 12:00:00 AM",1.32912596,1.34055245,1.34691748,1.36036367,1.4553383,1.48854545,1.49948628,1.72335352,1.4183707,1.45060957,1.4640805,1.56685063,1.45851514,1.49107776,1.49033707,1.49735682,1.48471189,1.49371327,1.5449053,1.52286657,1.52499368
1612051200000,"1/31/2021, 12:00:00 AM",1.34500941,1.35452833,1.36072765,1.37509143,1.54606701,1.52891582,1.52647107,1.76061731,1.47172005,1.48716186,1.49408521,1.60059204,1.54132433,1.56106855,1.54374116,1.53832499,1.54271324,1.5359135,1.59128363,1.57739836,1.56470619
1612137600000,"2/1/2021, 12:00:00 AM",1.30912764,1.32110762,1.32875803,1.34425891,1.53629708,1.52975209,1.52627387,1.75979462,1.45311595,1.47585221,1.48536866,1.5939138,1.54926677,1.56787333,1.5444512,1.53607386,1.55642418,1.53046213,1.59041647,1.58763823,1.55683549
1612224000000,"2/2/2021, 12:00:00 AM",1.32161068,1.33573286,1.34578228,1.36392697,1.54072059,1.55197105,1.56958705,1.8311799,1.45386126,1.48756657,1.51138596,1.6374773,1.51866066,1.56272411,1.53635112,1.56696219,1.55030365,1.53601541,1.62669133,1.5941103,1.57157461
1612310400000,"2/3/2021, 12:00:00 AM",1.42388577,1.43322784,1.44118403,1.45907581,1.61797316,1.59531485,1.62340391,1.90167997,1.55088833,1.56359872,1.58223623,1.71300454,1.61144843,1.62712287,1.62086682,1.62217115,1.61616437,1.62245256,1.68995987,1.66588204,1.66214343
1612396800000,"2/4/2021, 12:00:00 AM",1.51823137,1.52730737,1.53477733,1.55327808,1.72127669,1.69345144,1.71742249,2.00392387,1.65609998,1.66581607,1.68020596,1.81453426,1.72647883,1.73547539,1.73181956,1.71766207,1.71917612,1.73044184,1.7902597,1.77206739,1.7714412
1612483200000,"2/5/2021, 12:00:00 AM",1.49731936,1.51407496,1.52448398,1.54398264,1.72629809,1.74963002,1.7689044,2.04255889,1.64731361,1.68781274,1.70968717,1.84217509,1.72920283,1.77641506,1.75209591,1.76509971,1.7560502,1.74879963,1.83115951,1.80500957,1.78648448
1612569600000,"2/6/2021, 12:00:00 AM",1.57189523,1.58862225,1.60383203,1.62797706,1.85971674,1.86282846,1.91147827,2.22277877,1.75078438,1.78607851,1.82759735,1.98404796,1.84081597,1.88237107,1.85443126,1.88974142,1.8707393,1.85889157,1.96820736,1.93136832,1.90436334
1612656000000,"2/7/2021, 12:00:00 AM",1.59289235,1.61008388,1.62170442,1.64239932,1.88975183,1.88114494,1.89653847,2.17845727,1.7736151,1.80836797,1.83107806,1.96843429,1.8674426,1.91637532,1.87922676,1.90215685,1.88854425,1.8719643,1.97004958,1.9384163,1.90936834
1612742400000,"2/8/2021, 12:00:00 AM",1.56143347,1.58463728,1.59954917,1.62122515,1.89356238,1.91227648,1.93033003,2.19702797,1.75320004,1.80914287,1.84246235,1.97809297,1.84727735,1.92553413,1.87191876,1.93250691,1.89950468,1.86611414,1.99350169,1.946872,1.90163962
1612828800000,"2/9/2021, 12:00:00 AM",1.77703847,1.79341643,1.80863846,1.82921126,2.04767515,2.04108596,2.11415618,2.39158723,1.93789667,1.97405503,2.02467023,2.16505357,2.0214604,2.07480063,2.03892613,2.09261771,2.06713182,2.0457699,2.16040781,2.11995232,2.08538527
1612915200000,"2/10/2021, 12:00:00 AM",1.81064066,1.82930759,1.8532117,1.87915994,2.16791599,2.15886414,2.27702494,2.5895606,2.01207776,2.0530206,2.13884656,2.30442799,2.11054366,2.16969802,2.11853087,2.22218358,2.17867961,2.13705231,2.29884399,2.23945404,2.18263314
1613001600000,"2/11/2021, 12:00:00 AM",1.80523637,1.82853817,1.85891017,1.88991709,2.2902682,2.2544509,2.37624887,2.72463113,2.07942952,2.12151716,2.21766969,2.40192813,2.2308016,2.30182599,2.21273769,2.3304081,2.30161324,2.21812094,2.41718857,2.35950287,2.26153816
1613088000000,"2/12/2021, 12:00:00 AM",1.87880581,1.90109742,1.93514347,1.97404155,2.34793122,2.32449899,2.49118675,2.93345207,2.14131121,2.18552497,2.30629591,2.54313933,2.28567491,2.35593814,2.26996586,2.41076017,2.37250473,2.2888578,2.52706804,2.45613628,2.35158146
1613174400000,"2/13/2021, 12:00:00 AM",1.92331753,1.94851292,1.98876814,2.03387132,2.55012944,2.47072736,2.62403948,3.09512178,2.26682725,2.30270061,2.42771663,2.68314373,2.44458298,2.52282076,2.40450184,2.56556367,2.5281978,2.41308012,2.68947577,2.61289642,2.47660409
1613260800000,"2/14/2021, 12:00:00 AM",1.91827014,1.94824501,1.99546447,2.04517271,2.61104786,2.53453734,2.71651503,3.18443221,2.28691563,2.33465807,2.48347284,2.74952861,2.45876451,2.55594347,2.42489243,2.63857874,2.57225671,2.44103925,2.76013664,2.66242013,2.50866182
1613347200000,"2/15/2021, 12:00:00 AM",1.93890494,1.9631266,2.00133346,2.04348182,2.58503024,2.48894137,2.63790029,3.06669004,2.2773314,2.31071332,2.43326194,2.67154579,2.42951072,2.511668,2.3945835,2.57980781,2.51588792,2.40472674,2.68804784,2.59666815,2.46531191
1613433600000,"2/16/2021, 12:00:00 AM",1.90540154,1.92701127,1.9646796,2.00682475,2.52176804,2.42257575,2.58437993,3.01685015,2.22862085,2.25578141,2.38173971,2.62234223,2.37389398,2.44932512,2.33787378,2.51843615,2.45652965,2.35256809,2.63025871,2.54028846,2.4153872
1613520000000,"2/17/2021, 12:00:00 AM",1.94075167,1.96022085,1.99632779,2.0408252,2.54604251,2.43495201,2.59930012,3.07726373,2.25872301,2.27866229,2.40203281,2.66345153,2.4067176,2.47613912,2.36487588,2.53399554,2.4810765,2.37759726,2.66051186,2.57378768,2.44713065
1613606400000,"2/18/2021, 12:00:00 AM",2.04939113,2.06552415,2.10415849,2.14974624,2.708681,2.54773886,2.74244564,3.23356908,2.39560507,2.3963292,2.53249639,2.80120351,2.56021294,2.61651249,2.49688042,2.66939825,2.62505627,2.50882375,2.80295074,2.71760754,2.57823721
1613692800000,"2/19/2021, 12:00:00 AM",2.07729003,2.09344962,2.13711122,2.19082119,2.76497885,2.5846381,2.81438056,3.3955055,2.44694007,2.4409702,2.5943078,2.90824495,2.62973645,2.6818602,2.55865705,2.73248941,2.69565892,2.57510986,2.89354425,2.80586173,2.65776197
1613779200000,"2/20/2021, 12:00:00 AM",2.24236044,2.25231653,2.29999594,2.35511937,3.04609192,2.74550115,3.00651367,3.6126381,2.67192699,2.62499512,2.78991163,3.11258917,2.870105,2.94847462,2.76632766,2.95194887,2.93753555,2.77517107,3.12612118,3.032289,2.85239499
1613865600000,"2/21/2021, 12:00:00 AM",2.24196219,2.2533774,2.29262677,2.34482654,3.00918967,2.73695172,2.94011569,3.52799002,2.6629424,2.62344707,2.75187958,3.06152779,2.89295433,2.94837061,2.78162328,2.90081029,2.92593584,2.76721273,3.07565333,3.02183353,2.839136
1613952000000,"2/22/2021, 12:00:00 AM",2.29105052,2.30529851,2.35020533,2.41005166,3.09752558,2.84824215,3.0616033,3.74239888,2.72914785,2.7019102,2.84807293,3.20423806,2.95286073,3.043368,2.84590675,3.00950206,3.01102619,2.83916241,3.20607213,3.12328949,2.92335988
1614038400000,"2/23/2021, 12:00:00 AM",2.17038079,2.18896225,2.23467056,2.29120321,2.96943933,2.77371786,2.96150562,3.58607539,2.61305231,2.60522006,2.7455,3.07306404,2.85212798,2.95582481,2.74546439,2.90697805,2.92144976,2.73013461,3.08646025,3.01663123,2.80152071
1614124800000,"2/24/2021, 12:00:00 AM",1.93210709,1.94617389,1.98578233,2.03443096,2.59375614,2.41268639,2.6099639,3.15197648,2.31250479,2.29600862,2.42479134,2.70927171,2.54648656,2.60755184,2.44255924,2.55461173,2.59851461,2.42567262,2.71742769,2.67901917,2.48605104
1614211200000,"2/25/2021, 12:00:00 AM",1.99292366,2.01067998,2.05261249,2.11236748,2.69388445,2.52883836,2.71830897,3.36126166,2.39283344,2.38843686,2.52041525,2.86287552,2.62848099,2.71269749,2.52912169,2.66209835,2.6940862,2.51228224,2.86097845,2.80015956,2.59183726
1614297600000,"2/26/2021, 12:00:00 AM",1.88520728,1.89979467,1.94019441,1.99451951,2.57451554,2.37412463,2.57154774,3.15884186,2.28145137,2.2610695,2.38865905,2.69906634,2.52114011,2.58369923,2.41139531,2.5242351,2.5785906,2.38777211,2.70472203,2.66695901,2.45404842
1614384000000,"2/27/2021, 12:00:00 AM",1.87624859,1.89329242,1.932101,1.98226588,2.56725128,2.38046671,2.55570108,3.10625988,2.275323,2.26297196,2.37986613,2.66719929,2.51205371,2.59397744,2.40830148,2.52112356,2.57351555,2.38014529,2.68561741,2.64972114,2.43729948
1614470400000,"2/28/2021, 12:00:00 AM",1.89652546,1.91551455,1.95667075,2.0060118,2.63927809,2.45024378,2.61771266,3.13644214,2.32197509,2.3129682,2.43190925,2.70579876,2.56247121,2.65843845,2.45547866,2.5825238,2.63309738,2.42489928,2.73687354,2.70018654,2.47629791
1614556800000,"3/1/2021, 12:00:00 AM",1.83957463,1.8584353,1.89688623,1.9421778,2.55504908,2.37978492,2.52808194,2.99851422,2.25582625,2.24824535,2.35529909,2.60410494,2.4983773,2.58732799,2.39243539,2.49973371,2.56434326,2.35769829,2.64209567,2.61939831,2.4016853
1614643200000,"3/2/2021, 12:00:00 AM",2.01426579,2.03252465,2.0749083,2.12949965,2.75595644,2.56651402,2.75848781,3.3296192,2.44754483,2.43533156,2.563467,2.86832531,2.71415178,2.78941483,2.59758373,2.70955177,2.77761732,2.56585157,2.88856735,2.85908234,2.62695033
1614729600000,"3/3/2021, 12:00:00 AM",1.96660022,1.98902633,2.0354454,2.09120411,2.72013667,2.55975323,2.75835488,3.33940917,2.40197566,2.40603188,2.54596275,2.85491827,2.66343067,2.75522888,2.55367517,2.69881937,2.74778075,2.52650432,2.86968661,2.82862218,2.58713539
1614816000000,"3/4/2021, 12:00:00 AM",2.03557786,2.05644484,2.10567461,2.16767212,2.79097722,2.62383907,2.8526019,3.50669313,2.46934726,2.46959414,2.62603896,2.9749529,2.73130151,2.81511255,2.62045497,2.7768696,2.81718568,2.60230698,2.97088131,2.91706102,2.67721349
1614902400000,"3/5/2021, 12:00:00 AM",1.97162273,1.99552357,2.04568352,2.10894722,2.71415733,2.57400059,2.79774934,3.45975526,2.4002163,2.41242794,2.56921258,2.92213549,2.66019373,2.7555981,2.55725028,2.72315696,2.75402054,2.5402779,2.91737165,2.85584499,2.61664624
1614988800000,"3/6/2021, 12:00:00 AM",1.95898545,1.98168111,2.03170286,2.09452498,2.66889511,2.53046432,2.76873292,3.43468687,2.36712686,2.37851018,2.54097781,2.89602306,2.61467117,2.70940766,2.51776427,2.69034749,2.71244728,2.507709,2.88501867,2.81773122,2.58667196
1615075200000,"3/7/2021, 12:00:00 AM",2.00572927,2.02912372,2.07827307,2.14077092,2.8057794,2.62600349,2.83325992,3.49173889,2.44768077,2.45353895,2.60446839,2.95434187,2.68466773,2.7836255,2.58914766,2.7696775,2.77301193,2.57698376,2.9518432,2.87707802,2.65503332
1615161600000,"3/8/2021, 12:00:00 AM",2.08553955,2.1075123,2.15703244,2.21906453,2.92954692,2.71874983,2.92656088,3.58495114,2.54736228,2.5438501,2.69520747,3.04383753,2.78768899,2.88429411,2.68408731,2.87036225,2.87074413,2.66990855,3.05082238,2.97297121,2.74657886
1615248000000,"3/9/2021, 12:00:00 AM",2.13221597,2.15626318,2.20557448,2.27312818,2.97036995,2.78447065,2.98017916,3.69344671,2.58932414,2.59664487,2.74589263,3.12578582,2.82600331,2.92491147,2.73235481,2.92097197,2.90991285,2.72222227,3.11818062,3.03023103,2.8124609
1615334400000,"3/10/2021, 12:00:00 AM",2.22326957,2.24562833,2.30637591,2.38365922,3.10188252,2.89001812,3.17880175,3.9534577,2.70388205,2.7010749,2.90087704,3.32468994,2.947762,3.06092756,2.8427496,3.0780055,3.05825471,2.8487339,3.30415288,3.19630461,2.95227132
1615420800000,"3/11/2021, 12:00:00 AM",2.22158861,2.24183369,2.29885134,2.37474673,3.01658082,2.82297552,3.13028515,3.90592089,2.65749485,2.65558035,2.85669926,3.28332495,2.89362965,2.99345288,2.79357458,3.0157414,3.00286168,2.80351192,3.24940203,3.14733256,2.91186509
1615507200000,"3/12/2021, 12:00:00 AM",2.25831231,2.27748193,2.33405146,2.41719654,3.01216328,2.83055494,3.15469474,3.9872256,2.66896684,2.66897426,2.87736408,3.34403543,2.89179386,2.99292059,2.79869342,3.02911715,3.00668703,2.8171614,3.29459808,3.17845925,2.94599056
1615593600000,"3/13/2021, 12:00:00 AM",2.21962371,2.2392371,2.29718716,2.38220901,2.94681463,2.78321344,3.13075958,3.97027982,2.60952139,2.61652474,2.83837333,3.31440623,2.817516,2.91941642,2.73261423,2.98435909,2.94653658,2.76088949,3.25108196,3.12739078,2.89653014
1615680000000,"3/14/2021, 12:00:00 AM",2.36664328,2.38591552,2.44326387,2.53500422,3.09033471,2.92661396,3.28397627,4.24404849,2.75640022,2.76262674,2.98722279,3.51940267,2.9692633,3.06667972,2.88529335,3.13128136,3.09423139,2.91685236,3.43035168,3.30035845,3.07144765
1615766400000,"3/15/2021, 12:00:00 AM",2.29915776,2.32072167,2.38030086,2.47247326,2.99862319,2.86737169,3.23843512,4.18849382,2.67879015,2.69749864,2.93180883,3.46116417,2.89270621,2.99403169,2.81611576,3.07106305,3.03220095,2.85209744,3.36660913,3.23702442,3.00571504
1615852800000,"3/16/2021, 12:00:00 AM",2.19252723,2.21655268,2.28118305,2.37883626,2.88706462,2.78915676,3.178159,4.1440271,2.57370339,2.60387317,2.85416898,3.39852439,2.79146505,2.89668658,2.71900861,2.99076229,2.94686549,2.76156336,3.29414375,3.15893442,2.92061506
1615939200000,"3/17/2021, 12:00:00 AM",2.23978093,2.26694546,2.33034845,2.42651805,2.9976627,2.8947539,3.2365339,4.19278463,2.66273564,2.69628786,2.92524928,3.45758787,2.91355585,3.02298488,2.82729611,3.07801054,3.05863284,2.84763747,3.37528128,3.25376372,2.99398563
1616025600000,"3/18/2021, 12:00:00 AM",2.31625856,2.34312226,2.40976817,2.5120136,3.12338416,2.9976975,3.35529584,4.36445668,2.75810151,2.78739585,3.0282684,3.59225248,3.00266806,3.12892384,2.91251614,3.19062446,3.15775485,2.93603354,3.50491869,3.36620693,3.0923726
1616112000000,"3/19/2021, 12:00:00 AM",2.26562962,2.29647176,2.36534094,2.47189933,3.03402669,2.96749639,3.32996793,4.37849813,2.68841265,2.7399567,2.98979204,3.57614563,2.9315867,3.06349877,2.854307,3.14622392,3.10529222,2.88443338,3.46923292,3.32566975,3.04971653
1616198400000,"3/20/2021, 12:00:00 AM",2.30143084,2.334374,2.40448495,2.52758448,3.1227087,3.05085271,3.39212235,4.59118755,2.75482966,2.8084023,3.05193084,3.72079908,3.01245643,3.1502144,2.92881235,3.22065865,3.18378306,2.95081302,3.59365283,3.4393692,3.14250263
1616284800000,"3/21/2021, 12:00:00 AM",2.30360675,2.33872396,2.40660562,2.53021856,3.12948766,3.06841471,3.38132035,4.60073987,2.75690988,2.81840981,3.04937477,3.72587544,3.00790591,3.16048109,2.93120423,3.22546373,3.18033796,2.94938653,3.6027703,3.43914163,3.14348929
1616371200000,"3/22/2021, 12:00:00 AM",2.27149956,2.31094607,2.37979987,2.50769573,3.09411986,3.06780001,3.3748103,4.608235,2.72184732,2.80089499,3.03312477,3.72271849,2.96740542,3.13629745,2.90217068,3.21223053,3.15483897,2.9215118,3.59435816,3.4217102,3.12166522
1616457600000,"3/23/2021, 12:00:00 AM",2.17995396,2.22082975,2.29052117,2.41180088,3.02537488,2.98654575,3.27683402,4.43865878,2.64316986,2.72063842,2.94613447,3.5923647,2.886274,3.06297454,2.81842823,3.13592583,3.07429388,2.8329212,3.48670416,3.31521788,3.0136142
1616544000000,"3/24/2021, 12:00:00 AM",2.16541061,2.20561237,2.27380789,2.39588438,3.017051,2.96526278,3.24467986,4.42836997,2.62526036,2.69943218,2.9193529,3.574284,2.85798465,3.03321412,2.79131869,3.10749427,3.04404394,2.80500683,3.46192574,3.28883906,2.98860317
1616630400000,"3/25/2021, 12:00:00 AM",2.06475468,2.10599034,2.17144921,2.28792735,2.80486707,2.82717637,3.10692461,4.22134312,2.46819716,2.56259307,2.78208645,3.40625862,2.68446703,2.86031591,2.63901094,2.9489207,2.88136322,2.66096561,3.28998211,3.12098823,2.84068436
1616716800000,"3/26/2021, 12:00:00 AM",2.03427226,2.07634789,2.13962878,2.2566444,2.80771797,2.81191984,3.06358841,4.1815942,2.45208983,2.54360502,2.7484527,3.37209196,2.66314734,2.84458882,2.61772915,2.92200892,2.8519368,2.6331275,3.26172902,3.08990069,2.81160042
1616803200000,"3/27/2021, 12:00:00 AM",2.18737701,2.23621291,2.30604995,2.44170737,3.0133495,3.05549479,3.31933049,4.58982602,2.64265341,2.75541713,2.97641457,3.68881951,2.89016547,3.08478195,2.84027356,3.16434547,3.09863578,2.85281417,3.55860901,3.37375968,3.0591571
1616889600000,"3/28/2021, 12:00:00 AM",2.20495064,2.25302062,2.32392881,2.4662908,2.99650625,3.05215469,3.34395353,4.68199645,2.6433425,2.75847788,2.99175172,3.74369795,2.8871157,3.08251266,2.84279832,3.17299593,3.10303346,2.86319928,3.59397581,3.40031333,3.08615918
1616976000000,"3/29/2021, 12:00:00 AM",2.19744,2.24539994,2.32004962,2.4646652,3.00527488,3.05060588,3.36038512,4.70848459,2.64103646,2.75399808,2.99975888,3.75878309,2.88250313,3.07744759,2.83566176,3.18242277,3.10725593,2.86080359,3.60355487,3.40676836,3.08543791
1617062400000,"3/30/2021, 12:00:00 AM",2.27948903,2.32660203,2.40586407,2.55998064,3.10162004,3.13998884,3.48748608,4.93092338,2.73051108,2.84048996,3.10773295,3.92019272,2.97502535,3.16732302,2.92836387,3.29037416,3.20666197,2.9653207,3.74205384,3.53404641,3.21085903
1617148800000,"3/31/2021, 12:00:00 AM",2.31462236,2.36242239,2.45039115,2.60480403,3.13191028,3.17903809,3.60271554,5.02891656,2.76409226,2.87783695,3.18671623,3.99565384,3.00438328,3.21201492,2.96201893,3.36781811,3.26507928,3.01806821,3.81422487,3.59043575,3.26208556
1617235200000,"4/1/2021, 12:00:00 AM",2.34347212,2.4009443,2.48911608,2.64764002,3.15906818,3.27257056,3.66031558,5.12909215,2.80152261,2.94870196,3.24557117,4.07337315,3.05924772,3.293257,3.03520411,3.43837134,3.33416822,3.08412204,3.89032672,3.66500999,3.33225336
1617321600000,"4/2/2021, 12:00:00 AM",2.36565524,2.42391854,2.51543461,2.67774114,3.21130977,3.31666847,3.71689479,5.20499349,2.83923085,2.98570541,3.29165113,4.1317214,3.09511271,3.3384915,3.07134011,3.48864616,3.37564849,3.12422807,3.94683206,3.71092975,3.37568901
1617408000000,"4/3/2021, 12:00:00 AM",2.43821365,2.49257209,2.59838866,2.76907607,3.35474882,3.40175043,3.89109766,5.40404257,2.95376462,3.07576324,3.43199279,4.29354805,3.22831679,3.44906527,3.18454673,3.63087082,3.51472489,3.25823581,4.10165543,3.86065552,3.51768379
1617494400000,"4/4/2021, 12:00:00 AM",2.36492133,2.42065692,2.52230779,2.67756266,3.26582761,3.33140563,3.77314814,5.14978732,2.87940448,3.00618139,3.33770343,4.11852665,3.16589325,3.38555627,3.11660988,3.5385493,3.43974322,3.17442306,3.9615314,3.7412177,3.40052892
1617580800000,"4/5/2021, 12:00:00 AM",2.42845727,2.49348989,2.61367254,2.79076417,3.39024551,3.49907357,4.00784833,5.51022027,2.97527886,3.13043329,3.51672009,4.37938619,3.26813202,3.52444566,3.22901644,3.73352606,3.60005025,3.308568,4.19538836,3.93807716,3.56208817
1617667200000,"4/6/2021, 12:00:00 AM",2.52184913,2.59271601,2.71824972,2.90423833,3.65204123,3.70646755,4.17889824,5.72097637,3.16931689,3.31634101,3.68992914,4.57132124,3.50306038,3.79547846,3.4313265,3.94446625,3.82503277,3.4829233,4.42089148,4.1537594,3.72946828
1617753600000,"4/7/2021, 12:00:00 AM",2.57544055,2.64158772,2.77027979,2.9510802,3.83594616,3.79383612,4.263572,5.7599006,3.29667667,3.40700046,3.77648744,4.62512356,3.64559414,3.93823092,3.53823152,4.0440327,3.94506941,3.57345647,4.50211643,4.24270402,3.79668242
1617840000000,"4/8/2021, 12:00:00 AM",2.43417624,2.50139979,2.6179535,2.78995601,3.56121149,3.59077247,4.02549149,5.46771307,3.0795215,3.21209312,3.55588147,4.37560735,3.4023304,3.69306758,3.32204404,3.8018158,3.69740318,3.35764046,4.24460015,3.9925616,3.57900928
1617926400000,"4/9/2021, 12:00:00 AM",2.54317392,2.61155135,2.74327689,2.9332077,3.74165295,3.75013476,4.26210624,5.82052109,3.23342087,3.36076488,3.75217782,4.64340984,3.57545714,3.87617551,3.48193801,4.0095709,3.89843973,3.52991081,4.49438376,4.21787796,3.77160407
1618012800000,"4/10/2021, 12:00:00 AM",2.54221752,2.61388939,2.75026768,2.94752856,3.71758159,3.76285289,4.30327337,5.89557063,3.22360503,3.36594743,3.7757885,4.69277403,3.56552375,3.8779472,3.48096987,4.03305059,3.91646153,3.53718938,4.53402176,4.24305296,3.7891281
1618099200000,"4/11/2021, 12:00:00 AM",2.68569232,2.75911694,2.88514251,3.06783827,3.96602277,3.96939118,4.40547364,5.91826363,3.44329227,3.57182131,3.92167065,4.77562516,3.84383073,4.12872244,3.7237599,4.19920488,4.15291974,3.73218836,4.66770148,4.42784401,3.94594473
1618185600000,"4/12/2021, 12:00:00 AM",2.71723898,2.79466989,2.9299621,3.1072723,4.03895349,4.05101126,4.51879486,5.96022205,3.496819,3.63415959,4.00946535,4.82701789,3.89540702,4.2030408,3.77687619,4.29508832,4.23616184,3.79343562,4.73391613,4.48679485,3.99211087
1618272000000,"4/13/2021, 12:00:00 AM",2.79174753,2.85916004,2.98558192,3.1641648,4.20254897,4.1015713,4.52737611,5.98752422,3.62806547,3.7151692,4.05290592,4.87385708,4.04966352,4.31264945,3.89192421,4.33892694,4.34565786,3.87640165,4.79491732,4.59550474,4.06609382
1618358400000,"4/14/2021, 12:00:00 AM",2.99977675,3.07847909,3.19502162,3.36354502,4.48739079,4.42552565,4.72273222,6.14147549,3.90186739,4.01312575,4.28865863,5.07017745,4.41476157,4.6446013,4.23444629,4.59796202,4.6503684,4.17386413,5.03054566,4.89196298,4.33883442
1618444800000,"4/15/2021, 12:00:00 AM",3.03872412,3.13085559,3.26557695,3.45029884,4.59634938,4.5680767,4.93539483,6.41465118,3.97047572,4.11362424,4.44085822,5.26991974,4.48416378,4.73696698,4.32092575,4.7626941,4.76842028,4.28054591,5.2067726,5.0307159,4.46308615
1618531200000,"4/16/2021, 12:00:00 AM",3.06670531,3.17625063,3.32986573,3.54392362,4.73612005,4.75470263,5.15878716,6.79803416,4.03093966,4.22092718,4.5958515,5.52994853,4.49755551,4.83095063,4.36997972,4.94192849,4.87336211,4.35826778,5.42500775,5.16775972,4.58138545
1618617600000,"4/17/2021, 12:00:00 AM",3.07403844,3.20980034,3.36893957,3.58437449,5.06318479,5.05191437,5.32568375,6.88984035,4.17338706,4.39973952,4.73882395,5.63468984,4.54983913,5.03018787,4.44064322,5.17201193,4.97384627,4.41417206,5.59980001,5.24949539,4.6209089
1618704000000,"4/18/2021, 12:00:00 AM",2.96728791,3.10567165,3.27215902,3.50428559,4.82645857,4.88638833,5.23359997,6.90983525,3.99836596,4.24870299,4.62631176,5.592676,4.36764705,4.84368381,4.28367142,5.0335592,4.82265957,4.28100247,5.49749986,5.13635874,4.51627685
1618790400000,"4/19/2021, 12:00:00 AM",2.81209314,2.94894033,3.10061925,3.31314442,4.59702833,4.67752613,4.9205927,6.47102066,3.80424778,4.05369988,4.3734641,5.25842073,4.15183668,4.62554717,4.07623097,4.77661799,4.57340121,4.05993135,5.19778401,4.85389728,4.27030341
1618876800000,"4/20/2021, 12:00:00 AM",2.79861796,2.91734862,3.04376749,3.22428115,4.57086921,4.56183247,4.69315787,6.07289663,3.79348975,3.98833179,4.22908374,4.9986353,4.13799621,4.59999013,4.03025862,4.63503583,4.49341967,3.9805477,5.01115082,4.70973796,4.14750343
1618963200000,"4/21/2021, 12:00:00 AM",2.86545849,2.99425982,3.12757363,3.31128876,4.63181375,4.6726589,4.83513278,6.22857469,3.85706539,4.08133122,4.34424098,5.1250543,4.21275437,4.67627115,4.12612217,4.75356136,4.60373368,4.0867861,5.12610691,4.8193432,4.25811689
1619049600000,"4/22/2021, 12:00:00 AM",2.78525049,2.9078677,3.04320111,3.22736906,4.48136795,4.51911442,4.73419879,6.11888149,3.73583211,3.94951887,4.23254047,5.01334487,4.0812302,4.5174009,4.00132979,4.6153345,4.4605961,3.9776777,4.9879466,4.68326775,4.15511289
1619136000000,"4/23/2021, 12:00:00 AM",2.68333006,2.79648502,2.92178392,3.08820138,4.27107842,4.31407636,4.52088787,5.78396286,3.56688829,3.76978579,4.03824481,4.75150321,3.89228538,4.29051375,3.82707137,4.38922215,4.23773384,3.81189724,4.72498434,4.44512756,3.97642892
1619222400000,"4/24/2021, 12:00:00 AM",2.63875957,2.75076148,2.874096,3.04245465,4.17775716,4.23181716,4.44617484,5.72117324,3.50220443,3.70465674,3.97145417,4.69262513,3.83194239,4.22469687,3.76684863,4.31414565,4.17619802,3.75040542,4.65869968,4.38765285,3.91765049
1619308800000,"4/25/2021, 12:00:00 AM",2.54313834,2.64696416,2.76682484,2.91816845,4.02414553,4.06431337,4.26981803,5.42743271,3.3765961,3.56227167,3.82113394,4.47311647,3.69733211,4.07345794,3.62571617,4.15541144,4.02525252,3.61071353,4.46446958,4.20865767,3.7567939
1619395200000,"4/26/2021, 12:00:00 AM",2.54048802,2.64783349,2.76956396,2.91769223,4.01813184,4.06945146,4.27401986,5.39890488,3.36782347,3.56207765,3.82328845,4.4570658,3.68162445,4.05640387,3.62143937,4.15454313,4.01585835,3.61136758,4.44658659,4.19413809,3.75286404
1619481600000,"4/27/2021, 12:00:00 AM",2.81315686,2.92672491,3.06364089,3.24559677,4.46605134,4.4980888,4.74704854,6.12520114,3.74074495,3.93974122,4.23806162,5.01568795,4.09615132,4.48736069,4.01298045,4.5960141,4.45431683,4.00110919,4.9676506,4.68307253,4.18153345
1619568000000,"4/28/2021, 12:00:00 AM",2.90790971,3.02714627,3.18181788,3.39050124,4.61261403,4.65215408,4.99384,6.52715844,3.8646148,4.07398791,4.42870521,5.30569515,4.22940631,4.63240851,4.14755446,4.78871955,4.62779523,4.15389812,5.21241151,4.89798057,4.36696335
1619654400000,"4/29/2021, 12:00:00 AM",2.965942,3.0773092,3.22301774,3.41834206,4.74190723,4.69890637,4.98819616,6.44396537,3.95835722,4.13299519,4.45312546,5.27757294,4.31670705,4.71553395,4.21513669,4.82720761,4.67470479,4.20595664,5.22720554,4.92010462,4.39954762
1619740800000,"4/30/2021, 12:00:00 AM",2.98205925,3.0900541,3.23851257,3.42677767,4.76167797,4.68939798,5.00267526,6.37625608,3.98414896,4.14240891,4.46939505,5.25133248,4.35097785,4.73664601,4.236555,4.83953347,4.70647861,4.22497313,5.22103753,4.93184357,4.40275789
1619827200000,"5/1/2021, 12:00:00 AM",3.12986354,3.24493482,3.39892176,3.5988345,5.00522415,4.94502781,5.2643137,6.74611533,4.19134065,4.36411623,4.70291727,5.54258385,4.59748881,4.99698286,4.46900458,5.09317645,4.97486843,4.44728354,5.50466584,5.21132211,4.63518165
1619913600000,"5/2/2021, 12:00:00 AM",3.23363456,3.35434461,3.52362317,3.72320148,5.15521676,5.09468691,5.46791618,6.91965646,4.32844091,4.50617566,4.88070323,5.70536427,4.7507849,5.16146009,4.61873158,5.28152999,5.14837196,4.60725664,5.67799545,5.37430158,4.7880062
1620000000000,"5/3/2021, 12:00:00 AM",3.18807312,3.31517898,3.48567188,3.68102176,5.08132052,5.07831978,5.43189684,6.83903771,4.26021745,4.46426802,4.83808091,5.64030428,4.66083331,5.09045271,4.5512699,5.23498257,5.07510163,4.54855621,5.61129261,5.29587371,4.72566441
1620086400000,"5/4/2021, 12:00:00 AM",3.44349089,3.55486103,3.72876423,3.9184371,5.34985909,5.24208765,5.67691381,7.05172694,4.53187807,4.68114144,5.07968462,5.86220014,4.9514551,5.33761663,4.81817502,5.46636519,5.33046591,4.8251148,5.84151759,5.54717059,4.99722016
1620172800000,"5/5/2021, 12:00:00 AM",3.35636952,3.45892798,3.61603506,3.78451768,5.29661658,5.07329305,5.41284475,6.63439816,4.46146206,4.56316853,4.89404498,5.57972188,4.86954689,5.24780723,4.71019527,5.28765388,5.19508913,4.6836084,5.61455738,5.36390866,4.820666
1620259200000,"5/6/2021, 12:00:00 AM",3.72075668,3.8376009,4.01013453,4.19128675,5.97402044,5.67240207,5.97073108,7.25646772,4.99905466,5.09912725,5.43089678,6.14901198,5.45109967,5.87125836,5.25489429,5.89174264,5.80310601,5.20177154,6.22743255,5.97009193,5.33437941
1620345600000,"5/7/2021, 12:00:00 AM",3.68730741,3.8249635,4.01089421,4.21179282,6.00451434,5.80339729,6.0823306,7.45522969,4.98600404,5.14452128,5.49561129,6.27449276,5.39955884,5.89830174,5.23230163,5.97519328,5.79956869,5.19473242,6.33223502,6.0029237,5.35001516
1620432000000,"5/8/2021, 12:00:00 AM",3.74531526,3.87416897,4.05210176,4.25529603,6.02881806,5.79513478,6.07404007,7.51047827,5.05305416,5.18412483,5.51691419,6.31908426,5.52872629,5.97555395,5.32877945,5.98377925,5.89028742,5.26765911,6.36820479,6.09584564,5.42182777
1620518400000,"5/9/2021, 12:00:00 AM",3.85309851,3.97470409,4.14904506,4.34411442,6.02573458,5.8208734,6.14877358,7.57114949,5.09046088,5.2243507,5.5762256,6.36965919,5.54847154,5.9723775,5.37729911,6.01837323,5.89777543,5.34452608,6.39475046,6.10885353,5.50677417
1620604800000,"5/10/2021, 12:00:00 AM",3.86987529,3.9911415,4.16992893,4.36412382,6.11093981,5.85685065,6.19463843,7.59443909,5.12699638,5.25048683,5.61135234,6.39431453,5.54770726,6.00075252,5.38021757,6.06841452,5.91007359,5.35553292,6.43168185,6.11524979,5.51620736
1620691200000,"5/11/2021, 12:00:00 AM",3.70545328,3.8123015,3.980532,4.17411283,5.67582612,5.471899,5.87105191,7.28354339,4.80798949,4.92681039,5.30009007,6.09747616,5.18918819,5.56923672,5.05709949,5.69474269,5.52906679,5.06566182,6.07301953,5.76112654,5.24892547
1620777600000,"5/12/2021, 12:00:00 AM",3.8979252,4.01911426,4.21212626,4.42189513,6.01531567,5.83170429,6.29259001,7.75904033,5.07738258,5.22209141,5.65048658,6.48979063,5.46661157,5.89308992,5.33190904,6.0660764,5.86424506,5.35217224,6.45401568,6.10832261,5.54404441
1620864000000,"5/13/2021, 12:00:00 AM",3.66274474,3.76522162,3.95735891,4.15481589,5.46775371,5.29018918,5.85615316,7.21285002,4.68501523,4.79632694,5.25196982,6.03484097,5.0440001,5.40604383,4.91681494,5.60155551,5.41931655,4.9660603,5.97365568,5.65559287,5.15109037
1620950400000,"5/14/2021, 12:00:00 AM",3.65206107,3.74619964,3.92044653,4.10242326,5.70839312,5.34592509,5.77295026,7.01847831,4.82553648,4.87002208,5.23659633,5.94352723,5.22715007,5.62016696,5.02615114,5.63801838,5.52519201,5.00178453,5.98876899,5.71575817,5.14470915
1621036800000,"5/15/2021, 12:00:00 AM",3.96081944,4.0578383,4.23946638,4.43585247,6.0994758,5.69362248,6.1222557,7.47675318,5.18233273,5.21585891,5.58608603,6.34638205,5.58394109,5.99326443,5.36871261,6.01025883,5.88954316,5.33867254,6.3923705,6.09525335,5.49295518
1621123200000,"5/16/2021, 12:00:00 AM",3.75411283,3.84938245,4.02970775,4.21795268,5.87455073,5.46678274,5.86467452,7.11447339,4.98489693,5.00757701,5.35767888,6.0625186,5.39831612,5.82760661,5.16206347,5.77625943,5.70054731,5.11146273,6.13685335,5.87644045,5.24338259
1621209600000,"5/17/2021, 12:00:00 AM",3.73550066,3.83952967,4.02603682,4.21241473,5.88829675,5.51412155,5.90788906,7.11439832,4.98865489,5.03042662,5.38681763,6.07210368,5.40752053,5.86001777,5.17178334,5.81276279,5.73289978,5.11785588,6.15769182,5.89734495,5.24118975
1621296000000,"5/18/2021, 12:00:00 AM",3.51495297,3.62073787,3.80535606,3.98401332,5.57618282,5.25355737,5.63458628,6.75264476,4.72086324,4.77579683,5.12562664,5.76815922,5.12994092,5.57406775,4.90227617,5.53163904,5.45727461,4.84974717,5.85258173,5.60859995,4.96324117
1621382400000,"5/19/2021, 12:00:00 AM",3.57640749,3.71497135,3.90507135,4.10212052,5.64466005,5.46541796,5.80610825,7.01197209,4.78346,4.91973813,5.26665813,5.96410935,5.18398154,5.66837899,4.99200598,5.68705402,5.56496119,4.93966004,6.02517999,5.73921592,5.07035109
1621468800000,"5/20/2021, 12:00:00 AM",2.67431113,2.7490369,2.85968949,2.98383577,4.24082183,3.99567513,4.16665313,5.0105008,3.59145193,3.63090015,3.82449713,4.29800637,3.94012875,4.24513955,3.76529684,4.13197033,4.13100255,3.69908223,4.37643483,4.24035387,3.78109571
1621555200000,"5/21/2021, 12:00:00 AM",2.96551941,3.05046034,3.16678224,3.31144198,4.69902274,4.43544121,4.5612903,5.56869187,3.99200459,4.03668688,4.21821988,4.77304253,4.40192769,4.73426498,4.19631107,4.56270963,4.59926208,4.10467512,4.85413177,4.72618189,4.19986497
1621641600000,"5/22/2021, 12:00:00 AM",2.60185826,2.68949315,2.79189283,2.92858411,4.25736472,4.05747978,4.0876486,5.04363597,3.54255783,3.61839575,3.76348194,4.29096837,3.85571162,4.19403771,3.70069785,4.09839792,4.06156033,3.6240085,4.35571499,4.1912221,3.72125483
1621728000000,"5/23/2021, 12:00:00 AM",2.48784663,2.55714812,2.65098133,2.77787169,4.09774358,3.82223241,3.85139776,4.77170675,3.39076672,3.42588589,3.56002908,4.06361844,3.67685454,3.98368264,3.5204637,3.8902825,3.85108072,3.45039241,4.13740383,3.97702045,3.54484721
1621814400000,"5/24/2021, 12:00:00 AM",2.25344278,2.30777635,2.38302118,2.47951684,3.71789174,3.42331684,3.40971362,4.14260865,3.06803313,3.07901613,3.17465532,3.56646705,3.31487832,3.58531426,3.17095339,3.48075017,3.45590345,3.1018958,3.66842169,3.53720699,3.16761825
1621900800000,"5/25/2021, 12:00:00 AM",2.71504312,2.80760701,2.90031935,3.0245733,4.35900994,4.19273415,4.14477091,5.06213309,3.64782915,3.74107509,3.85051671,4.34331898,3.97010265,4.30104122,3.82727994,4.19565639,4.1603789,3.74307429,4.42815044,4.27579906,3.82963941
1621987200000,"5/26/2021, 12:00:00 AM",2.7092135,2.81059684,2.90429714,3.03064986,4.27100269,4.18963956,4.15865853,5.07732955,3.60350896,3.73100309,3.85005201,4.34927134,3.93065365,4.2704083,3.81053569,4.18116027,4.13792373,3.73410177,4.41916769,4.26046375,3.82600679
1622073600000,"5/27/2021, 12:00:00 AM",2.9067331,3.03434888,3.13221703,3.27906366,4.56779614,4.56365486,4.46751057,5.53697689,3.86112202,4.04307486,4.14723214,4.72393828,4.21420656,4.59624125,4.10410439,4.51360255,4.45910441,4.01271092,4.78372104,4.60386927,4.12128457
1622160000000,"5/28/2021, 12:00:00 AM",2.78031412,2.8996994,3.00030256,3.1380729,4.39321178,4.37070063,4.31571242,5.32221804,3.70158874,3.86938361,3.99198712,4.53533894,4.03143734,4.40160442,3.92651232,4.34811372,4.27617716,3.8497913,4.59622481,4.41144846,3.95124477
1622246400000,"5/29/2021, 12:00:00 AM",2.53007131,2.63936983,2.73079472,2.85535415,4.0568112,4.01646994,3.94815945,4.84059418,3.40008776,3.54849578,3.65347438,4.13800963,3.69248053,4.05755265,3.59060835,3.99353503,3.92086425,3.5153543,4.21487621,4.03763299,3.60293085
1622332800000,"5/30/2021, 12:00:00 AM",2.41526644,2.51053064,2.60029038,2.71995213,3.88762748,3.80436005,3.7642991,4.63450519,3.25127789,3.37045406,3.48236685,3.95380426,3.52691305,3.86731352,3.42087204,3.80765322,3.73771837,3.35452252,4.02599801,3.85290209,3.44091031
1622419200000,"5/31/2021, 12:00:00 AM",2.51295541,2.61269072,2.7026079,2.82755586,4.02263882,3.94293177,3.89252157,4.79789923,3.37830986,3.50199543,3.60843932,4.09850291,3.67673211,4.02294421,3.5615966,3.94042829,3.88894354,3.48556,4.17224835,4.00720353,3.57425499
1622505600000,"6/1/2021, 12:00:00 AM",2.77998013,2.88725037,2.98046088,3.11095686,4.38037462,4.29566029,4.22319184,5.17292119,3.70467285,3.83420897,3.93486095,4.44450961,4.03915511,4.39504461,3.90874363,4.2862472,4.25287588,3.81940449,4.52773599,4.37173913,3.90855193
1622592000000,"6/2/2021, 12:00:00 AM",2.80024965,2.89679815,2.9851512,3.10984303,4.44088644,4.27768573,4.17999661,5.09396784,3.75776807,3.8468241,3.92529814,4.40850658,4.10569723,4.45834903,3.94227919,4.27869004,4.29385003,3.83586099,4.51526672,4.39485942,3.91161803
1622678400000,"6/3/2021, 12:00:00 AM",2.94171601,3.03225695,3.13095664,3.25855715,4.67731599,4.43918313,4.40006093,5.3162711,3.95992704,4.01753709,4.12189298,4.60861632,4.32912735,4.6810648,4.13421299,4.48162773,4.51960944,4.02196876,4.72311579,4.61448636,4.09312645
1622764800000,"6/4/2021, 12:00:00 AM",3.01997199,3.12825775,3.24404393,3.3838319,4.77539304,4.63623876,4.6413875,5.62051638,4.04078388,4.1530729,4.3036234,4.83492422,4.40605508,4.78582442,4.24041448,4.67373323,4.64628853,4.15135223,4.92661798,4.76362719,4.23935622
1622851200000,"6/5/2021, 12:00:00 AM",2.84275184,2.9376455,3.04281108,3.16922622,4.49502309,4.32961492,4.32601699,5.22988854,3.80620888,3.89263711,4.0245473,4.50928189,4.15340434,4.49679119,3.98762077,4.3744117,4.36408867,3.89891169,4.60488885,4.46631482,3.9755813
1622937600000,"6/6/2021, 12:00:00 AM",2.76165344,2.85306446,2.95290946,3.07544667,4.36301648,4.19976375,4.17907523,5.0471399,3.69583005,3.77737264,3.89603071,4.36226505,4.02681925,4.36458669,3.86535618,4.23682366,4.22969154,3.77618968,4.46057707,4.32744448,3.84950438
1623024000000,"6/7/2021, 12:00:00 AM",2.8275485,2.92101861,3.02232135,3.14802121,4.43214957,4.27888073,4.26586984,5.15868215,3.76432947,3.8513791,3.97491726,4.4550988,4.10194738,4.43943908,3.94191416,4.31595931,4.30631154,3.85385627,4.54666627,4.40975236,3.93143688
1623110400000,"6/8/2021, 12:00:00 AM",2.65097101,2.73370257,2.82909723,2.94388531,4.13539357,3.9775851,3.9934793,4.79917741,3.51307616,3.58621022,3.71224827,4.14973004,3.81414614,4.12793172,3.66944443,4.02532653,4.0041985,3.59434577,4.23636214,4.100199,3.66634614
1623196800000,"6/9/2021, 12:00:00 AM",2.62629415,2.71082575,2.80425222,2.92156604,4.12356562,3.97103393,3.96888787,4.78202874,3.49599224,3.57316742,3.69092936,4.13510583,3.79640479,4.11891472,3.65249133,4.00971271,3.98725547,3.5736053,4.22680332,4.08658792,3.64810464
1623283200000,"6/10/2021, 12:00:00 AM",2.72324342,2.8064696,2.90819183,3.03193109,4.30576677,4.1264609,4.1604593,5.03776001,3.64153289,3.71327131,3.85674534,4.3362755,3.97690647,4.29140388,3.82095731,4.19015749,4.17175974,3.7455626,4.42502663,4.28203451,3.82826868
1623369600000,"6/11/2021, 12:00:00 AM",2.6014747,2.6721799,2.77038707,2.88559514,4.14077784,3.90965016,3.96991996,4.79844636,3.49069553,3.53264025,3.67924553,4.13050181,3.80447573,4.10246888,3.64606033,4.00238113,3.98256128,3.57772652,4.2248984,4.08460235,3.65425733
1623456000000,"6/12/2021, 12:00:00 AM",2.48559213,2.5449272,2.63563127,2.74066708,3.97586945,3.70640002,3.76322979,4.52540132,3.34736997,3.36457788,3.49988405,3.91536632,3.65559661,3.93234395,3.49346088,3.81432408,3.81304268,3.42550472,4.02660641,3.90216703,3.49418358
1623542400000,"6/13/2021, 12:00:00 AM",2.50862217,2.57421706,2.65964807,2.76139241,3.98220787,3.75124373,3.75100425,4.4860295,3.36441952,3.3980228,3.50668456,3.90363039,3.66876689,3.95301978,3.51270483,3.82315499,3.82560666,3.43603034,4.0241216,3.90649659,3.49853536
1623628800000,"6/14/2021, 12:00:00 AM",2.62487238,2.69416747,2.78661667,2.89295017,4.16189628,3.93700105,3.96664013,4.7304126,3.51715838,3.56010665,3.69120539,4.10900873,3.85235102,4.13746089,3.69170995,4.01831592,4.01653663,3.6178184,4.22779932,4.10711075,3.68574899
1623715200000,"6/15/2021, 12:00:00 AM",2.68413903,2.75784958,2.85343681,2.9639365,4.28521465,4.05868345,4.08454535,4.8692329,3.60366559,3.65539705,3.79191026,4.22490607,3.93593051,4.2311627,3.77816883,4.13699808,4.10999425,3.70569169,4.35196572,4.20738052,3.77873139
1623801600000,"6/16/2021, 12:00:00 AM",2.65592701,2.72882471,2.83204132,2.94477378,4.21757506,4.00420399,4.09634811,4.87865984,3.55646008,3.60990293,3.77912724,4.21811459,3.89076115,4.1776061,3.73603367,4.11086246,4.07655993,3.67645915,4.32665922,4.17904564,3.75332342
1623888000000,"6/17/2021, 12:00:00 AM",2.5017427,2.5714615,2.67290307,2.78525789,4.01340652,3.79783052,3.89280811,4.66746337,3.37190001,3.42018276,3.58721128,4.02260215,3.68060449,3.97263045,3.53203544,3.91216871,3.86848237,3.47628923,4.1277955,3.97188129,3.55383842
1623974400000,"6/18/2021, 12:00:00 AM",2.51011074,2.58257165,2.68595309,2.7997943,4.02420993,3.82111481,3.92745844,4.71113585,3.38240701,3.43766944,3.61091591,4.05165517,3.69317502,3.98979533,3.54680638,3.93413248,3.88851802,3.49188159,4.15010232,3.99288959,3.57016027
1624060800000,"6/19/2021, 12:00:00 AM",2.40583181,2.47154543,2.56668197,2.67170453,3.87746072,3.64668121,3.72785382,4.45019468,3.25443409,3.29113839,3.44162468,3.84523866,3.54477691,3.83258226,3.3957821,3.75649547,3.72696276,3.33497465,3.95839395,3.81283738,3.40254405
1624147200000,"6/20/2021, 12:00:00 AM",2.35507363,2.41950598,2.51414724,2.62388553,3.79591842,3.57209163,3.6552464,4.42924765,3.18602736,3.22319181,3.37457105,3.8032766,3.47151532,3.75321002,3.32660402,3.68445273,3.65650365,3.26900566,3.90014391,3.75028469,3.34415895
1624233600000,"6/21/2021, 12:00:00 AM",2.39666643,2.46137771,2.55349694,2.66632569,3.84621721,3.61882014,3.689814,4.48441218,3.23201587,3.26861759,3.41216556,3.85324099,3.52229939,3.79870329,3.37602978,3.72165082,3.69888531,3.31460428,3.94690062,3.79954102,3.39398686
1624320000000,"6/22/2021, 12:00:00 AM",2.02037697,2.06569771,2.13079994,2.21743795,3.2062416,2.98707326,3.01871742,3.67532085,2.70018025,2.71372966,2.81022207,3.16722891,2.94590971,3.14479381,2.82304397,3.05781287,3.07208445,2.76678325,3.2478178,3.15143341,2.83007234
1624406400000,"6/23/2021, 12:00:00 AM",1.96716335,2.00627322,2.06440985,2.14022123,3.11319724,2.87607675,2.89431263,3.493451,2.62387206,2.62474104,2.70723332,3.0279294,2.86873014,3.05001531,2.74490816,2.94388515,2.97291294,2.68661853,3.11723683,3.04138255,2.73985849
1624492800000,"6/24/2021, 12:00:00 AM",2.12592115,2.17267311,2.23750577,2.32328251,3.40385424,3.14984625,3.14862092,3.8081003,2.86290188,2.86818638,2.95060737,3.30338507,3.12495014,3.35032081,2.98630833,3.22058724,3.25109994,2.91684281,3.41210753,3.31897944,2.97367957
1624579200000,"6/25/2021, 12:00:00 AM",2.19944544,2.24865052,2.31715861,2.40516768,3.54630179,3.27634957,3.27443021,3.93852676,2.97933377,2.98278049,3.0679325,3.42417418,3.25489495,3.49764754,3.10502096,3.35037404,3.38934249,3.02827492,3.54465762,3.4514725,3.08262107
1624665600000,"6/26/2021, 12:00:00 AM",2.06608184,2.10866858,2.17201408,2.25226408,3.35622071,3.06266528,3.05263216,3.6569589,2.81050398,2.79773351,2.87104931,3.1928138,3.06030269,3.29183443,2.91271998,3.13752376,3.185879,2.83686731,3.31584959,3.2394361,2.88247025
1624752000000,"6/27/2021, 12:00:00 AM",2.03897309,2.08107941,2.14224289,2.2213095,3.31540623,3.02835759,3.00397697,3.60525231,2.77437392,2.76332449,2.83018271,3.14926941,3.02090456,3.2522062,2.87627992,3.09537971,3.1437343,2.80027564,3.27330548,3.1984668,2.84572726
1624838400000,"6/28/2021, 12:00:00 AM",2.16216129,2.20800802,2.27198904,2.35511293,3.47439427,3.20308131,3.17289132,3.82049,2.9220839,2.92095314,2.99179438,3.33369472,3.19355825,3.42919522,3.04661219,3.27059103,3.31691471,2.96981304,3.46001006,3.37628515,3.02099416
1624924800000,"6/29/2021, 12:00:00 AM",2.19398963,2.24672003,2.31783399,2.40789783,3.48068869,3.26667932,3.28150292,3.94797972,2.93699567,2.9617007,3.0607567,3.42522744,3.20718201,3.44344941,3.07563441,3.33494108,3.34614332,3.01242436,3.5312089,3.42008981,3.07499784
1625011200000,"6/30/2021, 12:00:00 AM",2.27641776,2.33704135,2.4116502,2.51030433,3.59742735,3.42238933,3.40116297,4.15013728,3.04278494,3.08906024,3.18432686,3.58831437,3.32932364,3.58428624,3.20077465,3.47888845,3.48056647,3.13618582,3.69268606,3.56633386,3.20820796
1625097600000,"7/1/2021, 12:00:00 AM",2.30800716,2.36607218,2.44325354,2.54716485,3.5931116,3.41264138,3.43613266,4.21947353,3.05575782,3.09567706,3.20763996,3.63382267,3.34152013,3.57809057,3.21399838,3.48899045,3.48871488,3.15737765,3.71649507,3.58661728,3.2385301
1625184000000,"7/2/2021, 12:00:00 AM",2.20249558,2.25348966,2.32831736,2.42946314,3.4760581,3.25095626,3.28134679,4.0416552,2.93938352,2.95737961,3.06578246,3.47872112,3.2084683,3.43688044,3.07468251,3.33807005,3.34970334,3.01709217,3.56280078,3.44199262,3.09380973
1625270400000,"7/3/2021, 12:00:00 AM",2.22124638,2.27008288,2.34494109,2.44678995,3.49741099,3.25719139,3.29799305,4.06548355,2.95921584,2.97017094,3.08119226,3.49841643,3.23114231,3.44992132,3.0939381,3.35023203,3.36723874,3.03642957,3.5787526,3.4611599,3.11454813
1625356800000,"7/4/2021, 12:00:00 AM",2.27242884,2.32440742,2.4007404,2.50420964,3.55642593,3.33583601,3.3792446,4.16115497,3.0175228,3.03796706,3.15278719,3.57811387,3.29973334,3.52145695,3.16386174,3.42423891,3.43815027,3.10640919,3.65569046,3.53429217,3.18678891
1625443200000,"7/5/2021, 12:00:00 AM",2.3445349,2.3967717,2.47447317,2.58171376,3.63869839,3.41278385,3.4714246,4.28824143,3.09794835,3.11666346,3.23744993,3.68128647,3.39210299,3.60527231,3.25219975,3.50808175,3.5255197,3.19464436,3.74945617,3.63004277,3.28009244
1625529600000,"7/6/2021, 12:00:00 AM",2.26522702,2.31450148,2.39856886,2.50669747,3.53194974,3.2965064,3.41740973,4.21618723,3.00271409,3.01399178,3.16270547,3.60307349,3.28665582,3.4928184,3.14637247,3.42034264,3.43301385,3.09864447,3.65906402,3.5357107,3.18399996
1625616000000,"7/7/2021, 12:00:00 AM",2.32718656,2.37617683,2.46081121,2.57505355,3.60981993,3.36276082,3.49067965,4.34735245,3.06973288,3.07819074,3.22981812,3.69970514,3.35390205,3.55366547,3.2125277,3.48615429,3.49641391,3.16579814,3.73958823,3.61185409,3.25993073
1625702400000,"7/8/2021, 12:00:00 AM",2.32371152,2.37437871,2.45949504,2.57799491,3.60793609,3.36832657,3.49766509,4.39129543,3.06519024,3.07831109,3.23139755,3.72047956,3.34792349,3.54541053,3.20877909,3.48755468,3.49396874,3.16235679,3.74776131,3.61681534,3.26182344
1625788800000,"7/9/2021, 12:00:00 AM",2.19514172,2.24340602,2.32488856,2.4358842,3.43933274,3.20177605,3.32617337,4.16644374,2.91617216,2.92605442,3.07196261,3.53078196,3.19108139,3.38703086,3.05396607,3.32072201,3.33663868,3.00594728,3.56647804,3.44649295,3.09592733
1625875200000,"7/10/2021, 12:00:00 AM",2.231228,2.27934869,2.36973596,2.48614248,3.50493113,3.25496271,3.42996095,4.30118416,2.96839395,2.97544653,3.15071202,3.63038585,3.24862015,3.44874661,3.10771551,3.40389715,3.40622935,3.06832543,3.65888621,3.52358451,3.164549
1625961600000,"7/11/2021, 12:00:00 AM",2.20657317,2.25232302,2.34163024,2.45636815,3.46295389,3.20634659,3.38539047,4.25036342,2.93583537,2.93722204,3.11163917,3.58661132,3.21682205,3.4084419,3.07407442,3.36023474,3.37040918,3.03439092,3.61399101,3.48555017,3.12891234
1626048000000,"7/12/2021, 12:00:00 AM",2.22413714,2.26945998,2.36220999,2.48108779,3.48812073,3.22679953,3.4303843,4.322891,2.95806974,2.95785998,3.14545524,3.63782431,3.24361388,3.43275242,3.09906268,3.39439579,3.40089216,3.06337886,3.65805856,3.52349693,3.16359561
1626134400000,"7/13/2021, 12:00:00 AM",2.16614843,2.20829003,2.30086619,2.41413585,3.42482734,3.14151113,3.35412607,4.19029876,2.89765687,2.88632114,3.07396808,3.53694338,3.17568284,3.36523135,3.02696153,3.31923671,3.33270121,2.98926692,3.56878078,3.44306227,3.07981615
1626220800000,"7/14/2021, 12:00:00 AM",2.09881868,2.13711064,2.22745835,2.33670805,3.33220348,3.03575806,3.24971386,4.06197187,2.8155126,2.79542641,2.97987986,3.42847934,3.08628849,3.26954942,2.93744982,3.21961628,3.23898912,2.90000239,3.46319718,3.34564662,2.98640796
1626307200000,"7/15/2021, 12:00:00 AM",2.11656242,2.15486395,2.24147304,2.35156708,3.34238425,3.0490818,3.24475563,4.07962041,2.82843172,2.80960662,2.98326348,3.44114691,3.10057202,3.28048334,2.95385991,3.22186032,3.24496473,2.91402482,3.47209816,3.35559003,3.00362346
1626393600000,"7/16/2021, 12:00:00 AM",2.06888604,2.10216228,2.18708911,2.29290465,3.27948441,2.95904809,3.15897838,3.96168764,2.77252298,2.73852751,2.90878989,3.34746002,3.0423463,3.20332015,2.88977024,3.13816504,3.18068286,2.84669718,3.37931102,3.28284706,2.92900187
1626480000000,"7/17/2021, 12:00:00 AM",2.00943816,2.03978121,2.11900232,2.21573438,3.16971025,2.85535794,3.0429966,3.78554692,2.68491778,2.64856698,2.80776723,3.21264017,2.9492045,3.09944697,2.80160139,3.02767594,3.0748446,2.7588875,3.25202649,3.16844972,2.83324959
1626566400000,"7/18/2021, 12:00:00 AM",2.03191225,2.06091911,2.14057561,2.23831222,3.21322847,2.87926644,3.06970187,3.81889668,2.71728843,2.67430894,2.83419149,3.24277798,2.97926439,3.13423098,2.82869449,3.05766736,3.10283733,2.78562775,3.28571528,3.197602,2.86115166
1626652800000,"7/19/2021, 12:00:00 AM",2.04290956,2.07189248,2.15299415,2.25062608,3.23765824,2.89732144,3.09369882,3.84307312,2.73465774,2.69034283,2.85427297,3.26257806,2.99738976,3.15301332,2.84533129,3.07991195,3.12355047,2.80300166,3.30606586,3.21722953,2.87785347
1626739200000,"7/20/2021, 12:00:00 AM",1.96532684,1.99195406,2.06723086,2.15662712,3.10875093,2.77715548,2.95368528,3.65165962,2.62759398,2.58225648,2.73221092,3.10966428,2.87939189,3.02906403,2.73348667,2.94939864,2.99398433,2.69099047,3.15917036,3.07994089,2.7581793
1626825600000,"7/21/2021, 12:00:00 AM",1.90675857,1.93125154,1.99990558,2.07825604,3.01517095,2.68712784,2.83884889,3.45256549,2.54561898,2.4988825,2.63183173,2.96264316,2.78372131,2.92907027,2.64395891,2.84128933,2.88419219,2.59948035,3.02503793,2.95645879,2.65477989
1626912000000,"7/22/2021, 12:00:00 AM",2.06424901,2.09200893,2.1673385,2.25650546,3.23153532,2.90019992,3.07042802,3.77099442,2.73971511,2.69641362,2.84515022,3.22380882,3.00064153,3.15032976,2.85325817,3.06715542,3.10992044,2.81071266,3.27755644,3.19540858,2.87912138
1626998400000,"7/23/2021, 12:00:00 AM",2.08797084,2.12099905,2.20359072,2.29824026,3.27854785,2.9732426,3.16376892,3.87676167,2.77305686,2.74500975,2.91302068,3.30612628,3.03054487,3.19629808,2.88834023,3.14142661,3.15948511,2.85358521,3.35485485,3.25150371,2.92775007
1627084800000,"7/24/2021, 12:00:00 AM",2.13818002,2.17357287,2.2612316,2.36074269,3.32647627,3.04151816,3.27060214,4.01664984,2.82275742,2.80389128,2.99391604,3.4092509,3.08692347,3.25212548,2.94845087,3.22032467,3.22496263,2.92297381,3.44381968,3.32684254,3.00544241
1627171200000,"7/25/2021, 12:00:00 AM",2.18146579,2.21840456,2.3112279,2.41574681,3.37661717,3.10552206,3.34985176,4.13227905,2.86988352,2.8573393,3.06167888,3.49847493,3.13883948,3.30454662,3.00228731,3.2914858,3.2857185,2.98378985,3.52437184,3.39627554,3.07360321
1627257600000,"7/26/2021, 12:00:00 AM",2.20314778,2.23860626,2.33426808,2.44239224,3.40184967,3.12207034,3.39532274,4.21219038,2.89367738,2.87739674,3.09638167,3.55308081,3.16892795,3.32795548,3.03039711,3.32590229,3.31760307,3.01759046,3.57024462,3.43642717,3.11417431
1627344000000,"7/27/2021, 12:00:00 AM",2.2358731,2.27215081,2.36466614,2.46971339,3.44522897,3.16876655,3.42761874,4.24234455,2.9317567,2.91896314,3.13089496,3.58344446,3.21422577,3.37472507,3.0765475,3.36540302,3.35754425,3.06151934,3.60723398,3.47426117,3.15685438
1627430400000,"7/28/2021, 12:00:00 AM",2.27731167,2.31470874,2.41159288,2.51712123,3.4924936,3.22522366,3.51550634,4.32747942,2.97589165,2.96834532,3.19958458,3.65510526,3.26510245,3.42360244,3.12943802,3.43551987,3.41773169,3.12275302,3.67670413,3.53733119,3.22034022
1627516800000,"7/29/2021, 12:00:00 AM",2.30828132,2.3453212,2.44282245,2.55028101,3.55706133,3.27026656,3.5664151,4.38677623,3.02412425,3.01171393,3.24531581,3.70797954,3.31558785,3.48304266,3.17551455,3.48834626,3.46718911,3.16729046,3.73638832,3.59067458,3.26699394
1627603200000,"7/30/2021, 12:00:00 AM",2.35835354,2.39892331,2.50080189,2.61417416,3.6195916,3.34944346,3.65427602,4.50619694,3.08203555,3.07879026,3.32196483,3.80495276,3.37582918,3.55078796,3.23873367,3.56841558,3.53653539,3.23467435,3.82555111,3.67031923,3.34129981
1627689600000,"7/31/2021, 12:00:00 AM",2.40688711,2.45308327,2.55567379,2.67436063,3.66004924,3.43407658,3.74110984,4.6543048,3.12549358,3.14403481,3.39318902,3.90867028,3.42524287,3.60579156,3.29991317,3.64142944,3.59546849,3.30103328,3.91144186,3.74593198,3.41910975
1627776000000,"8/1/2021, 12:00:00 AM",2.46113475,2.51014965,2.61522142,2.73771431,3.72983274,3.51217389,3.82422954,4.7638113,3.18999191,3.21414978,3.46764744,3.99704105,3.4950723,3.67581099,3.37008279,3.7178212,3.66786399,3.37128482,3.99224882,3.82491537,3.49288444
1627862400000,"8/2/2021, 12:00:00 AM",2.43343523,2.47595356,2.57921274,2.69814178,3.68958884,3.42557606,3.73633678,4.65001035,3.15199775,3.15343201,3.40058668,3.91220115,3.44330853,3.60619536,3.31172647,3.64671352,3.6038802,3.31298918,3.91050552,3.75170489,3.42916724
1627948800000,"8/3/2021, 12:00:00 AM",2.4709608,2.51553251,2.62164325,2.74459278,3.71868531,3.46662481,3.79169801,4.72903212,3.1862962,3.19300033,3.44841713,3.97431648,3.47582983,3.64263973,3.34781222,3.69235692,3.64185543,3.35354121,3.96284507,3.79764596,3.4749882
1628035200000,"8/4/2021, 12:00:00 AM",2.416583,2.46349598,2.56664575,2.68747759,3.66540797,3.42717029,3.71386649,4.63069677,3.13406271,3.1472544,3.38493905,3.89772974,3.42459401,3.59974707,3.29719168,3.63195609,3.59141497,3.29350618,3.89634256,3.73793882,3.40892214
1628121600000,"8/5/2021, 12:00:00 AM",2.53660851,2.58204651,2.6872429,2.81469673,3.77574349,3.53277249,3.85034341,4.82680432,3.24929516,3.25921924,3.51087601,4.05769836,3.54382077,3.70371782,3.4176451,3.75449412,3.70406391,3.42327812,4.03699661,3.8725781,3.55295191
1628208000000,"8/6/2021, 12:00:00 AM",2.58837594,2.63424531,2.74402535,2.87363107,3.82412789,3.59407162,3.93570642,4.9240166,3.29681027,3.31190392,3.58150168,4.13859222,3.59199197,3.74664169,3.47029245,3.82127108,3.76081689,3.48741653,4.10721379,3.9383002,3.62296853
1628294400000,"8/7/2021, 12:00:00 AM",2.64094737,2.68700939,2.80282627,2.93629086,3.89901894,3.66322362,4.03834958,5.06997492,3.35868082,3.374461,3.66637214,4.24647949,3.65687562,3.81049199,3.53617806,3.91209774,3.83535269,3.56468522,4.20384227,4.02534577,3.70797354
1628380800000,"8/8/2021, 12:00:00 AM",2.83779569,2.88543978,3.00270835,3.13283938,4.16720251,3.91995853,4.27285595,5.29055145,3.59614339,3.6108013,3.89689047,4.46410471,3.90683343,4.06960809,3.77778923,4.15620236,4.07821491,3.80067376,4.44080694,4.25952848,3.93665894
1628467200000,"8/9/2021, 12:00:00 AM",2.73185428,2.77376638,2.88174952,3.00618538,4.01340141,3.74545088,4.07680668,5.07191618,3.46438298,3.46457362,3.72872875,4.27913911,3.76651658,3.91572481,3.63569412,3.97864987,3.91521822,3.65169288,4.26091657,4.09074784,3.78334009
1628553600000,"8/10/2021, 12:00:00 AM",2.81699852,2.86519443,2.97579843,3.10872576,4.1451205,3.90353919,4.22069985,5.29160524,3.57445581,3.59276539,3.85894537,4.45021218,3.88861696,4.05255916,3.76242262,4.12170799,4.04988939,3.77742673,4.42274025,4.24140601,3.9210642
1628640000000,"8/11/2021, 12:00:00 AM",2.89999636,2.94894125,3.0659333,3.20935941,4.30020773,4.02428286,4.35504325,5.4840337,3.70572339,3.71294563,3.98672094,4.61100745,4.0509706,4.20971928,3.90234336,4.25833805,4.21351849,3.90570113,4.58130827,4.41056863,4.05348874
1628726400000,"8/12/2021, 12:00:00 AM",2.99765519,3.05194247,3.1765556,3.32170471,4.50044453,4.21057488,4.53496565,5.64588842,3.86967819,3.87798243,4.15547579,4.77025531,4.24832706,4.42998489,4.07952421,4.44667041,4.42222506,4.06742298,4.7630144,4.60364714,4.20348954
1628812800000,"8/13/2021, 12:00:00 AM",2.92291263,2.97527131,3.09964011,3.2444181,4.42299527,4.11889569,4.45029955,5.54075245,3.79397854,3.79490732,4.07233261,4.67917773,4.16785583,4.34931945,3.9949098,4.3611271,4.34103789,3.98002815,4.67693268,4.51853691,4.11315241
1628899200000,"8/14/2021, 12:00:00 AM",3.16339837,3.22065081,3.35015221,3.50028993,4.76015476,4.44672992,4.78466645,5.9194787,4.09476209,4.09970261,4.3850026,5.01514774,4.5034946,4.69989478,4.3182571,4.68839461,4.68196728,4.29548882,5.01519342,4.86231021,4.43074602
1628985600000,"8/15/2021, 12:00:00 AM",3.22393101,3.27941548,3.4075992,3.55964341,4.91192933,4.5379164,4.83812643,5.97615469,4.21552273,4.19814015,4.46051617,5.08820425,4.644883,4.85829623,4.43281602,4.78050206,4.81261988,4.38508962,5.11408204,4.98087237,4.51127899
1629072000000,"8/16/2021, 12:00:00 AM",3.27056885,3.33517901,3.46622986,3.61845642,5.00351728,4.66223123,4.93169585,6.05063987,4.28912628,4.29205861,4.54824275,5.16642658,4.72165931,4.97388859,4.51054713,4.88283737,4.90291992,4.4575218,5.20777914,5.06469436,4.57885263
1629158400000,"8/17/2021, 12:00:00 AM",3.19087788,3.25697315,3.39784919,3.55648491,5.00440171,4.62703878,4.91355683,6.04212362,4.23126048,4.23178535,4.50918198,5.13999879,4.63381957,4.89631017,4.42475349,4.85856845,4.84151195,4.38184769,5.17737118,5.00936214,4.50773534
1629244800000,"8/18/2021, 12:00:00 AM",3.04474452,3.10617026,3.23960349,3.39527895,4.78879277,4.41733361,4.69642728,5.80733652,4.03729923,4.03484127,4.30247623,4.92519724,4.41434691,4.65024815,4.21668072,4.63547147,4.6101278,4.17862563,4.94990109,4.78123634,4.30695704
1629331200000,"8/19/2021, 12:00:00 AM",3.11283548,3.17712762,3.31219567,3.47204983,4.95347408,4.54984271,4.80462704,5.94240917,4.15184041,4.14654388,4.40683773,5.04244601,4.52079402,4.79026291,4.31759564,4.76125838,4.72480409,4.2717014,5.07785453,4.89625602,4.40029034
1629417600000,"8/20/2021, 12:00:00 AM",3.17461174,3.23997028,3.37927861,3.54088041,5.06826542,4.65328144,4.91925259,6.05991145,4.24447162,4.23789528,4.50722348,5.14660318,4.61905435,4.90506833,4.41044009,4.87134349,4.83371794,4.36283629,5.19018649,5.00346963,4.49015006
1629504000000,"8/21/2021, 12:00:00 AM",3.34487978,3.4173088,3.56389105,3.73609448,5.31906245,4.92246286,5.1935496,6.42939083,4.45974536,4.46958257,4.75365033,5.44305216,4.85231337,5.16621364,4.64331655,5.13443109,5.08471003,4.59781928,5.47682402,5.27098009,4.73752182
1629590400000,"8/22/2021, 12:00:00 AM",3.30395863,3.37207802,3.52685034,3.70881636,5.24317371,4.83830987,5.17153863,6.46272018,4.40176758,4.40293056,4.7193379,5.44598712,4.79579158,5.09220156,4.58536694,5.09090796,5.03735223,4.55436456,5.45746147,5.24255495,4.7082666
1629676800000,"8/23/2021, 12:00:00 AM",3.3287599,3.39703628,3.55130785,3.73369183,5.27056611,4.86597555,5.20275291,6.50828008,4.42996363,4.43121927,4.74752683,5.47974356,4.82134607,5.13104899,4.61237236,5.11872036,5.07077636,4.5803859,5.48963711,5.27137901,4.73431454
1629763200000,"8/24/2021, 12:00:00 AM",3.44868106,3.51386358,3.67188334,3.86043395,5.44515984,4.99009746,5.34587127,6.70004472,4.58846381,4.56911451,4.89047415,5.64569564,4.99773718,5.30262815,4.76970935,5.26506252,5.25724559,4.72800874,5.65387719,5.44914639,4.8820001
1629849600000,"8/25/2021, 12:00:00 AM",3.2913528,3.35619705,3.50162466,3.67222974,5.17137255,4.77392007,5.07717827,6.31517155,4.36879787,4.36395388,4.65382328,5.34169695,4.77365075,5.04947002,4.56086434,5.00877827,5.01287567,4.5156363,5.35994939,5.18414693,4.65272522
1629936000000,"8/26/2021, 12:00:00 AM",3.35284083,3.41312308,3.56459781,3.7408405,5.26128707,4.81737091,5.17530754,6.46494792,4.45075828,4.42619903,4.73935436,5.45416984,4.87548031,5.13014562,4.64760543,5.09358309,5.11172021,4.60399656,5.46082476,5.29217553,4.74633087
1630022400000,"8/27/2021, 12:00:00 AM",3.24755773,3.29865789,3.43477551,3.59709942,5.11036289,4.62185943,4.93163857,6.13977473,4.31347681,4.26462085,4.53804172,5.20176328,4.72150213,4.94012592,4.49087037,4.88180211,4.91783272,4.43596629,5.22165491,5.08187844,4.56430614
1630108800000,"8/28/2021, 12:00:00 AM",3.40314139,3.4609113,3.6056292,3.77984205,5.40925101,4.90015408,5.19653934,6.48548044,4.53778672,4.49617468,4.77875105,5.4870726,4.93202071,5.21045674,4.69997568,5.16073955,5.16356706,4.64578351,5.51550373,5.33281292,4.78412661
1630195200000,"8/29/2021, 12:00:00 AM",3.37227258,3.43455587,3.57901296,3.76030882,5.38872459,4.90321995,5.18501998,6.50626459,4.50501129,4.47792307,4.75809079,5.4905014,4.88677457,5.17444712,4.6635927,5.14824578,5.12284081,4.61185688,5.51058253,5.30816762,4.76065293
1630281600000,"8/30/2021, 12:00:00 AM",3.35201261,3.41731571,3.56373901,3.7458242,5.34483622,4.8878674,5.18228129,6.51304794,4.47360401,4.45859803,4.7468777,5.48457991,4.85735634,5.14928684,4.64133914,5.13176975,5.1034464,4.5937456,5.49533129,5.29045599,4.74433166
1630368000000,"8/31/2021, 12:00:00 AM",3.32514992,3.3801316,3.51633742,3.69545722,5.33628375,4.7930826,5.05977447,6.37881271,4.44426139,4.39298505,4.65316936,5.37999402,4.79710797,5.07397472,4.57195881,5.04464658,5.00725064,4.51646216,5.40362032,5.19503815,4.66522317
1630454400000,"9/1/2021, 12:00:00 AM",3.47613469,3.52658806,3.66520758,3.84756504,5.5560976,4.9435265,5.22852598,6.55538268,4.62548745,4.55043972,4.81624331,5.55022539,4.96655374,5.25319977,4.730452,5.22110356,5.167744,4.67551852,5.58509108,5.36081169,4.82725718
1630540800000,"9/2/2021, 12:00:00 AM",3.68107112,3.73189786,3.88090662,4.06837757,5.74084031,5.1450338,5.48872552,6.86104699,4.82081574,4.75012401,5.05267724,5.81271625,5.17366418,5.44578285,4.93966217,5.45076317,5.38185504,4.90391936,5.82438326,5.59077237,5.06659415
1630627200000,"9/3/2021, 12:00:00 AM",3.71751358,3.76923499,3.9215786,4.10798409,5.84880307,5.22700517,5.57645682,6.92389604,4.89169539,4.81692362,5.12505229,5.87432175,5.23612788,5.53252646,4.99809855,5.53765585,5.45625625,4.96088398,5.90671692,5.65576381,5.11851591
1630713600000,"9/4/2021, 12:00:00 AM",3.82921289,3.87894007,4.03635439,4.22750599,6.01154767,5.34691779,5.72499369,7.10731474,5.02716303,4.93918027,5.26149757,6.02907305,5.36670468,5.66956176,5.12147317,5.68320295,5.58487744,5.08771728,6.06396545,5.79475408,5.25047931
1630800000000,"9/5/2021, 12:00:00 AM",3.79335966,3.85724428,4.03709188,4.23908117,5.95933145,5.40655634,5.8639216,7.27016281,4.98502629,4.94649722,5.33274271,6.12837515,5.33535413,5.65054383,5.10849979,5.74680484,5.60503153,5.10136777,6.12658411,5.83681146,5.27520271
1630886400000,"9/6/2021, 12:00:00 AM",3.85732809,3.93761222,4.13402143,4.34770609,6.08567181,5.61492676,6.08491084,7.54455125,5.08102049,5.08900263,5.50885116,6.34118466,5.43585378,5.79324685,5.22491589,5.94164723,5.7577415,5.23350107,6.32912366,6.00468521,5.41870885
1630972800000,"9/7/2021, 12:00:00 AM",3.90388058,3.97735827,4.19468797,4.4254999,6.22885663,5.66719471,6.25444963,7.78435058,5.18072781,5.1554224,5.63852949,6.52311764,5.5444346,5.9051299,5.30963455,6.08447766,5.88805676,5.33480999,6.5057499,6.15614603,5.53587694
1631059200000,"9/8/2021, 12:00:00 AM",3.48985097,3.53762196,3.706694,3.89511874,5.6314378,4.97239112,5.42396246,6.670081,4.66988393,4.5793907,4.94031329,5.65940818,5.00460128,5.30920141,4.75794096,5.34961251,5.23982905,4.73592698,5.70758587,5.44439688,4.88935286
1631145600000,"9/9/2021, 12:00:00 AM",3.55570422,3.60423632,3.79221856,3.98965601,5.70362099,5.04495913,5.57412272,6.83817716,4.740744,4.65003129,5.06072241,5.79882385,5.07388785,5.38551192,4.8248326,5.46901568,5.34015773,4.8215914,5.83331197,5.55382238,4.98183989
1631232000000,"9/10/2021, 12:00:00 AM",3.52639954,3.58856165,3.79879576,4.01591505,5.72874527,5.13332761,5.72112425,7.05488062,4.73706637,4.68442171,5.14975582,5.94305186,5.06536898,5.41045288,4.8305514,5.57168242,5.39350338,4.84898436,5.95286008,5.63262184,5.02832321
1631318400000,"9/11/2021, 12:00:00 AM",3.35818601,3.4315628,3.64496356,3.84659197,5.52056412,5.00334721,5.57931304,6.76306366,4.54602996,4.52730691,4.99451068,5.71187977,4.8618632,5.21364664,4.6410234,5.40483031,5.21018627,4.66324821,5.73484797,5.41987902,4.82051777
1631404800000,"9/12/2021, 12:00:00 AM",3.42283671,3.49795389,3.702766,3.9102861,5.63581634,5.11402372,5.62557408,6.85548759,4.63410511,4.61803078,5.05324338,5.79405528,4.93673902,5.31648464,4.71751681,5.47974584,5.27880874,4.726194,5.82604791,5.4969364,4.88978974
1631491200000,"9/13/2021, 12:00:00 AM",3.55093103,3.63599429,3.85596758,4.07082732,5.83087914,5.33775428,5.86746465,7.12490527,4.79423496,4.8010143,5.26475219,6.02507171,5.09875322,5.49535986,4.88533458,5.70932787,5.47448295,4.90644507,6.05628584,5.70078516,5.07617173
1631577600000,"9/14/2021, 12:00:00 AM",3.42058468,3.49590645,3.69135448,3.88966114,5.62662816,5.11253687,5.56676909,6.79368649,4.62429806,4.6118936,5.01651919,5.73921242,4.92836473,5.28792165,4.71209769,5.44878422,5.25075715,4.7118231,5.77837541,5.45789666,4.86717773
1631664000000,"9/15/2021, 12:00:00 AM",3.48488212,3.55945716,3.78461463,3.99756928,5.69988214,5.18612298,5.81421453,7.10056184,4.69102195,4.67955007,5.18690795,5.95997681,5.00677867,5.34974052,4.79103353,5.60908569,5.37525389,4.83564398,5.95844981,5.61010474,5.01178211
1631750400000,"9/16/2021, 12:00:00 AM",3.57772634,3.65606717,3.89600402,4.11878276,5.77707111,5.29610887,6.00188488,7.33900989,4.7765075,4.77956446,5.33650581,6.14535211,5.10122909,5.44587912,4.89357131,5.74901656,5.50069261,4.96254617,6.11310706,5.7543694,5.15280376
1631836800000,"9/17/2021, 12:00:00 AM",3.53574799,3.62217476,3.85205037,4.0695785,5.68363754,5.27735332,5.92474438,7.23242049,4.70713238,4.74100417,5.26875685,6.06040062,5.03304263,5.3781531,4.84221429,5.67150998,5.42794618,4.90373115,6.02477479,5.67728276,5.09073359
1631923200000,"9/18/2021, 12:00:00 AM",3.42251588,3.50389574,3.72430806,3.92785067,5.54594551,5.12119446,5.73669601,6.95398308,4.58033808,4.60248853,5.1064539,5.84625293,4.9036064,5.23568129,4.70953152,5.50938728,5.27787503,4.76213933,5.83571374,5.50564402,4.93296608
1632009600000,"9/19/2021, 12:00:00 AM",3.48774226,3.57512255,3.79123196,3.99786647,5.7016239,5.27565888,5.82945729,7.06886739,4.69580513,4.72646816,5.20227468,5.95117785,5.02546351,5.38664414,4.82597749,5.6265209,5.39678893,4.85787545,5.96075612,5.62283829,5.02741248
1632096000000,"9/20/2021, 12:00:00 AM",3.39555102,3.48762505,3.70031091,3.90609904,5.54619881,5.17678315,5.71369249,6.95075739,4.56962248,4.62166989,5.09015947,5.83737531,4.89717329,5.25228689,4.71196967,5.50199829,5.27348509,4.74554416,5.83187412,5.50128045,4.91639068
1632182400000,"9/21/2021, 12:00:00 AM",3.04725815,3.11523088,3.28698409,3.45767612,4.98309775,4.56147754,4.9838957,6.05048129,4.10565969,4.10778724,4.47799783,5.11076793,4.40422873,4.69659214,4.21736562,4.85390777,4.68905209,4.22258025,5.13915009,4.87218068,4.35992669
1632268800000,"9/22/2021, 12:00:00 AM",2.87075683,2.93418145,3.09591077,3.26318146,4.74271113,4.31263338,4.69812861,5.76171361,3.89230633,3.88505527,4.22723094,4.8508772,4.16589243,4.45701252,3.98384094,4.59453725,4.43567133,3.98238881,4.87820985,4.61490838,4.11681659
1632355200000,"9/23/2021, 12:00:00 AM",3.21139905,3.29822985,3.480968,3.67184218,5.31719628,4.9135154,5.29894516,6.48384585,4.36087547,4.39263356,4.76290378,5.46001146,4.66046444,5.00990307,4.46918578,5.17693686,4.98256547,4.46228064,5.4864089,5.18244569,4.6121908
1632441600000,"9/24/2021, 12:00:00 AM",3.28165058,3.37711495,3.57003198,3.76688974,5.42026212,5.05560553,5.48187357,6.70147523,4.44614809,4.50198896,4.90373591,5.62442361,4.74774175,5.11739528,4.56714399,5.32120139,5.09928124,4.57349056,5.63450873,5.30925667,4.73097214
1632528000000,"9/25/2021, 12:00:00 AM",3.1312447,3.22973776,3.40191123,3.58526758,5.18691862,4.85959977,5.18837977,6.33326058,4.25244593,4.32063712,4.66159609,5.33364933,4.54354701,4.90946021,4.37580389,5.07158968,4.87204798,4.36172406,5.36205572,5.06211665,4.50427557
1632614400000,"9/26/2021, 12:00:00 AM",3.10167638,3.19491575,3.36062362,3.53954789,5.1335438,4.7960364,5.10331502,6.23617438,4.20954227,4.26835711,4.59392433,5.25533012,4.49930122,4.85269924,4.32982724,5.00048186,4.81125725,4.31189275,5.28873112,4.99748787,4.45156571
1632700800000,"9/27/2021, 12:00:00 AM",3.13176854,3.22262255,3.38008506,3.55528062,5.1177924,4.80371455,5.08884605,6.23654094,4.21576518,4.27854627,4.58898454,5.25222133,4.51778766,4.84866818,4.35290336,4.98493799,4.80929484,4.33322034,5.27532085,4.99809766,4.47482246
1632787200000,"9/28/2021, 12:00:00 AM",3.03931221,3.13085161,3.29099269,3.46472139,4.98412681,4.67925803,4.99105293,6.09844469,4.1020805,4.16661244,4.48738399,5.13449546,4.39716294,4.72275496,4.23567118,4.87152545,4.69541633,4.22042883,5.15402751,4.88018806,4.35900763
1632873600000,"9/29/2021, 12:00:00 AM",2.94075217,3.02421097,3.18346208,3.34950298,4.85790922,4.51893337,4.85244281,5.89171022,3.98687157,4.03136862,4.35614229,4.96913667,4.26672795,4.5901055,4.10164445,4.73260409,4.55739556,4.08956892,5.00255774,4.73035624,4.21928943
1632960000000,"9/30/2021, 12:00:00 AM",3.01559215,3.09899114,3.25828617,3.42462036,4.9951427,4.62395165,4.93504907,5.9814781,4.09837968,4.13283181,4.44688539,5.05962,4.38598251,4.72162936,4.20733835,4.83701879,4.67202001,4.18436412,5.10750335,4.83929803,4.30982264
1633046400000,"10/1/2021, 12:00:00 AM",3.14280172,3.22851309,3.37633586,3.54475747,5.16867114,4.79900717,5.02132313,6.15445212,4.25268615,4.29198681,4.56372573,5.2068535,4.56517226,4.8946005,4.38168646,4.97342739,4.82798905,4.34088488,5.258731,5.00169784,4.47116647
1633132800000,"10/2/2021, 12:00:00 AM",3.39621832,3.479206,3.65549621,3.83014594,5.56870791,5.13304969,5.49269612,6.65406672,4.58518747,4.60611326,4.96243022,5.62840071,4.92617789,5.25969395,4.72106288,5.39205068,5.22073973,4.7042463,5.67995879,5.39987159,4.83859519
1633219200000,"10/3/2021, 12:00:00 AM",3.45583039,3.54453236,3.72135528,3.89504704,5.6247009,5.21860664,5.56074967,6.73364094,4.64551493,4.68041169,5.03171093,5.69717718,4.99071556,5.33011753,4.78922165,5.46083375,5.29028026,4.77055728,5.74334734,5.4660908,4.90241518
1633305600000,"10/4/2021, 12:00:00 AM",3.48989449,3.58572327,3.77353236,3.95426983,5.67913329,5.3075804,5.67375299,6.88260528,4.69041416,4.74495269,5.12168123,5.81037919,5.03821225,5.39351216,4.84391693,5.55586659,5.36617604,4.83645475,5.84449648,5.55140536,4.97537675
1633392000000,"10/5/2021, 12:00:00 AM",3.47061681,3.5626407,3.75382611,3.93914008,5.67940746,5.27336959,5.67979824,6.90664829,4.67845484,4.72036033,5.11512363,5.82055129,5.0290875,5.36982433,4.82961712,5.55266044,5.35616082,4.82850809,5.85210467,5.5513653,4.97491146
1633478400000,"10/6/2021, 12:00:00 AM",3.55352153,3.64271147,3.84499644,4.03031275,5.78106146,5.36736462,5.83567045,7.07105436,4.77127318,4.80972015,5.24415236,5.95602782,5.13761563,5.46637744,4.93532278,5.68328853,5.47823457,4.95216925,5.98147288,5.67685432,5.10113406
1633564800000,"10/7/2021, 12:00:00 AM",3.5618244,3.65592339,3.85005097,4.02374938,5.74676787,5.41274628,5.84679363,7.0338526,4.75164854,4.82483904,5.24910656,5.93374726,5.12886612,5.45165445,4.95232133,5.68783034,5.47175299,4.97590455,5.96627244,5.66520552,5.12099394
1633651200000,"10/8/2021, 12:00:00 AM",3.56785516,3.65782883,3.86165636,4.03730897,5.76647431,5.38468134,5.89367302,7.04496793,4.76516455,4.81769798,5.27399897,5.94968856,5.13271431,5.45705451,4.94622896,5.70606172,5.48392165,4.9782865,5.98199278,5.67483596,5.12147223
1633737600000,"10/9/2021, 12:00:00 AM",3.53784165,3.63161592,3.84301382,4.02175272,5.73143925,5.38225827,5.9239652,7.07921545,4.73002371,4.79778077,5.27813371,5.96206898,5.09264252,5.42483948,4.91504247,5.70580406,5.46586675,4.95957924,5.98146548,5.66248845,5.10704552
1633824000000,"10/10/2021, 12:00:00 AM",3.5946476,3.68782221,3.90624533,4.09644692,5.87539513,5.48408814,6.04595367,7.28129698,4.83094607,4.88835046,5.38416309,6.11290832,5.19399604,5.53709023,5.00606806,5.83176007,5.57776178,5.05142188,6.13102694,5.78977137,5.21042906
1633910400000,"10/11/2021, 12:00:00 AM",3.46841839,3.5539547,3.74514006,3.93257158,5.66458607,5.27185151,5.73944891,7.01117529,4.65992578,4.70624706,5.13425011,5.8724914,5.02133349,5.34027218,4.83474637,5.56910065,5.35238745,4.85520628,5.88495278,5.57051798,5.01880418
1633996800000,"10/12/2021, 12:00:00 AM",3.51435164,3.59916867,3.78585164,3.96586808,5.67746368,5.30702461,5.78152232,7.03308096,4.68804137,4.74169436,5.17146158,5.89641482,5.06514414,5.36729652,4.88501699,5.5996973,5.38895793,4.91059569,5.90669505,5.60435351,5.07214237
1634083200000,"10/13/2021, 12:00:00 AM",3.54344045,3.62086094,3.80292484,3.98440043,5.76615192,5.3121631,5.76012377,7.01519402,4.75349134,4.77180217,5.17755388,5.90115025,5.13173144,5.44036877,4.92774025,5.61708808,5.43094576,4.93294172,5.93560459,5.63971176,5.08951622
1634169600000,"10/14/2021, 12:00:00 AM",3.65499157,3.73078124,3.91620108,4.10932079,5.97027164,5.4620985,5.91258556,7.21772556,4.91279397,4.91571582,5.32433119,6.0840426,5.29019133,5.61767765,5.07498367,5.78516368,5.59013701,5.07591548,6.13477131,5.81538238,5.24484951
1634256000000,"10/15/2021, 12:00:00 AM",3.72497389,3.79937686,3.98718431,4.17758989,5.98253202,5.49298199,5.97821078,7.28023091,4.95241849,4.95760766,5.38265075,6.13839189,5.32963003,5.6391577,5.12221903,5.82850868,5.62886189,5.13754865,6.17220656,5.85606629,5.30795195
1634342400000,"10/16/2021, 12:00:00 AM",3.83110574,3.89969677,4.07678823,4.25498844,6.15873016,5.6074946,6.04429619,7.30264877,5.09563624,5.07960718,5.47464568,6.1977643,5.49405413,5.79647337,5.27211876,5.94254809,5.76103116,5.27161902,6.27624217,5.9712572,5.42928855
1634428800000,"10/17/2021, 12:00:00 AM",3.79348192,3.8685591,4.05777384,4.24875692,6.10091176,5.60311032,6.09517613,7.41475914,5.04638375,5.05421117,5.48761376,6.2547096,5.44177657,5.75213918,5.23239079,5.94840604,5.74445222,5.24961309,6.29897806,5.97677239,5.42385322
1634515200000,"10/18/2021, 12:00:00 AM",3.7789285,3.84949064,4.02772311,4.21465997,6.06254807,5.54876973,6.00430404,7.32006593,5.01735999,5.01464377,5.42086198,6.18150527,5.40956746,5.70747229,5.19849864,5.87807525,5.6857529,5.20735272,6.23041884,5.91718352,5.38092568
1634601600000,"10/19/2021, 12:00:00 AM",3.74904925,3.81959309,3.99389939,4.17596998,6.06046654,5.53641802,5.96169326,7.2547054,4.99795676,4.99433527,5.3861053,6.1306966,5.38301542,5.69509633,5.17175169,5.85428296,5.656815,5.17408737,6.19646567,5.87883442,5.34060193
1634688000000,"10/20/2021, 12:00:00 AM",3.80421848,3.87543351,4.05055265,4.23169435,6.06744213,5.57964495,6.03523226,7.33127661,5.02705693,5.03529223,5.44376942,6.19427689,5.41858108,5.71755055,5.2181623,5.90015735,5.6958585,5.23476192,6.24450069,5.92670086,5.40789369
1634774400000,"10/21/2021, 12:00:00 AM",4.01517946,4.09107448,4.28038583,4.46780213,6.3588002,5.8638634,6.3752983,7.72150332,5.28465685,5.29700157,5.74351624,6.51924055,5.69167348,5.99839844,5.4850008,6.20967659,5.98977224,5.51327404,6.55978501,6.22638622,5.69073452
1634860800000,"10/22/2021, 12:00:00 AM",3.93710713,4.01259179,4.20296145,4.38884321,6.25353367,5.7546593,6.26815374,7.57030887,5.19627169,5.20367071,5.64622423,6.40014381,5.5978527,5.89908695,5.38783436,6.10286824,5.89500966,5.41068008,6.44412136,6.12098349,5.58016046
1634947200000,"10/23/2021, 12:00:00 AM",3.92606838,4.00840327,4.2136992,4.41291933,6.31570486,5.81990065,6.35375836,7.71315516,5.22487595,5.24154806,5.70931501,6.49947028,5.62218572,5.95437613,5.4074789,6.18086093,5.95417162,5.43399343,6.53669128,6.19057314,5.61129458
1635033600000,"10/24/2021, 12:00:00 AM",4.01348797,4.10413384,4.30614541,4.50522839,6.3712449,5.94563558,6.44109515,7.82796559,5.29487129,5.34191445,5.79643544,6.59533756,5.69172835,6.02558873,5.49533482,6.26361422,6.02828994,5.52377442,6.61799618,6.26984835,5.70494323
1635120000000,"10/25/2021, 12:00:00 AM",3.96798833,4.05283268,4.25106379,4.4545307,6.37009635,5.88142018,6.37177118,7.7697581,5.26672405,5.28986821,5.73470068,6.54505642,5.6536065,5.97784807,5.44473954,6.21320052,5.97457414,5.46536479,6.57512154,6.22268541,5.65144824
1635206400000,"10/26/2021, 12:00:00 AM",4.07006837,4.17144355,4.38854693,4.6031734,6.47100216,6.0889021,6.64547145,8.10215321,5.37302497,5.44836528,5.94826796,6.79988488,5.77710516,6.12519914,5.5908525,6.41836057,6.15672793,5.63674678,6.79578468,6.42413415,5.83730145
1635292800000,"10/27/2021, 12:00:00 AM",4.00850979,4.1248133,4.35285918,4.57599218,6.40117523,6.0819359,6.63735975,8.11460695,5.30789544,5.41883229,5.93122754,6.7983611,5.70172019,6.08073185,5.53404549,6.40564593,6.12413783,5.5860998,6.78337295,6.39676549,5.79057054
1635379200000,"10/28/2021, 12:00:00 AM",3.82439443,3.96761168,4.15080953,4.34821897,6.16260727,5.89340554,6.20610862,7.56922493,5.08080908,5.24577312,5.61187267,6.39171556,5.44035482,5.87175012,5.341054,6.14655723,5.84676484,5.33545961,6.45676137,6.08021373,5.51054628
1635465600000,"10/29/2021, 12:00:00 AM",4.06062689,4.20804855,4.38907059,4.59967069,6.47290034,6.19803135,6.47681102,7.96932994,5.3530166,5.52408234,5.87722357,6.72148255,5.71265228,6.15952469,5.61566492,6.43265388,6.11541283,5.60468836,6.77161638,6.37442169,5.798945
1635552000000,"10/30/2021, 12:00:00 AM",4.17726466,4.32234859,4.5146883,4.73404063,6.65667716,6.34337369,6.67850309,8.23766603,5.50255022,5.6622789,6.05022903,6.93253848,5.86114449,6.31919704,5.75597426,6.6161954,6.27881792,5.758154,6.97181789,6.55205791,5.96308399
1635638400000,"10/31/2021, 12:00:00 AM",4.06482094,4.20801234,4.40518513,4.65179227,6.40143766,6.1332365,6.56013015,8.32180422,5.32126278,5.48898532,5.91507776,6.91721184,5.68359299,6.13660488,5.59688863,6.44265582,6.11982521,5.62033032,6.87087765,6.45320107,5.87036221
1635724800000,"11/1/2021, 12:00:00 AM",4.09268339,4.23819878,4.43814704,4.68645149,6.52181016,6.22464517,6.62270023,8.39652696,5.39691541,5.55951841,5.97752194,6.98060772,5.75977979,6.22388897,5.65817509,6.52582364,6.19618847,5.67135175,6.94906192,6.52163676,5.91543797
1635811200000,"11/2/2021, 12:00:00 AM",4.15671567,4.30303581,4.49842761,4.75474556,6.67582967,6.33597175,6.68238934,8.52900566,5.50764782,5.65869774,6.04906016,7.08470856,5.8661756,6.34592267,5.74896922,6.61877373,6.28759206,5.74356368,7.06128834,6.61943435,5.99244539
1635897600000,"11/3/2021, 12:00:00 AM",4.30481709,4.44699035,4.64346465,4.91744348,6.80347207,6.46516885,6.84367013,8.85835587,5.64917803,5.79513035,6.19906055,7.32409051,6.02312035,6.4844221,5.90294472,6.75528804,6.43543738,5.90466086,7.25213646,6.80821286,6.18424247
1635984000000,"11/4/2021, 12:00:00 AM",4.39575148,4.53408512,4.72699999,4.99891117,6.95117003,6.60191615,6.91671028,8.91588107,5.78636901,5.91906564,6.29375476,7.40413866,6.19052282,6.65431623,6.03482439,6.84345734,6.57426261,6.01390022,7.35774397,6.92994223,6.28065993
1636070400000,"11/5/2021, 12:00:00 AM",4.35037971,4.47554193,4.67108226,4.94189488,6.895082,6.49342344,6.83578106,8.81948247,5.73737651,5.83530228,6.21944382,7.3204971,6.13886401,6.57457838,5.95708188,6.75247621,6.50106205,5.93913764,7.26835233,6.85162835,6.20206237
1636156800000,"11/6/2021, 12:00:00 AM",4.33011231,4.48301432,4.69758547,4.96709534,6.87817061,6.55059812,6.95412883,8.88991724,5.71320364,5.87056965,6.30223844,7.38274289,6.09521328,6.61169981,5.96664359,6.86625844,6.55086477,5.97067735,7.34408276,6.89093547,6.22573038
1636243200000,"11/7/2021, 12:00:00 AM",4.38041963,4.51820933,4.72486633,5.00479462,6.956274,6.55819638,6.93852044,8.98218975,5.78254901,5.89933478,6.30968634,7.44319247,6.17218942,6.66880506,6.01177174,6.86912476,6.58550869,6.00300085,7.39113472,6.94412465,6.27196282
1636329600000,"11/8/2021, 12:00:00 AM",4.457463,4.59330243,4.81334321,5.10033109,7.05929659,6.65868821,7.12078154,9.20319769,5.87339057,5.98826541,6.44622416,7.60797709,6.26958081,6.76030578,6.10383537,6.99684061,6.70007042,6.11401532,7.53286431,7.07244418,6.39329564
1636416000000,"11/9/2021, 12:00:00 AM",4.61607905,4.75407838,4.98205486,5.26416398,7.27414181,6.9099506,7.37683351,9.46947262,6.06233753,6.19412758,6.67476685,7.83662643,6.48341835,6.96694089,6.31718831,7.23296662,6.92552621,6.34078261,7.76194595,7.29704649,6.61942282
1636502400000,"11/10/2021, 12:00:00 AM",4.54996978,4.69298217,4.93128475,5.22410957,7.18954578,6.86857368,7.39447115,9.51896935,5.98672506,6.13679417,6.65295235,7.84516125,6.40807096,6.89731267,6.24989544,7.19755448,6.87871911,6.28728454,7.73990228,7.26690995,6.57842767
1636588800000,"11/11/2021, 12:00:00 AM",4.38516394,4.53242806,4.74159587,5.02209571,6.85132028,6.63150765,7.0248654,9.09832092,5.72797532,5.91093061,6.34665653,7.50274027,6.13037468,6.60766027,6.00726197,6.86652494,6.56797582,6.02522366,7.39366749,6.94970318,6.31151919
1636675200000,"11/12/2021, 12:00:00 AM",4.46570041,4.62960649,4.84951809,5.14061073,6.96603741,6.7906623,7.20789449,9.32552656,5.82633374,6.04466476,6.50317945,7.6893295,6.22811596,6.7468713,6.12740999,7.03996689,6.71292208,6.15268336,7.57339749,7.10654238,6.44789859
1636761600000,"11/13/2021, 12:00:00 AM",4.39988865,4.55026429,4.76801284,5.05473635,6.85600581,6.65549384,7.10207574,9.17577529,5.73513683,5.92779338,6.39392711,7.56196593,6.12930306,6.61612629,6.01545575,6.90704358,6.59106193,6.0475109,7.43764234,6.98249222,6.34108361
1636848000000,"11/14/2021, 12:00:00 AM",4.43388087,4.5930657,4.81686677,5.11110149,6.95101321,6.75738751,7.20798012,9.32157562,5.80356636,6.01019507,6.4837067,7.67433923,6.20297554,6.7209128,6.08969483,7.0116113,6.68656138,6.11760528,7.55058489,7.08133273,6.41368379
1636934400000,"11/15/2021, 12:00:00 AM",4.40512398,4.56658274,4.79473642,5.09082442,6.91642577,6.73794106,7.21678106,9.33944874,5.7700733,5.98612283,6.47755262,7.67730395,6.17147399,6.69254412,6.06681029,7.0052523,6.67109508,6.10399907,7.54486174,7.072271,6.40488101
1637020800000,"11/16/2021, 12:00:00 AM",4.35881261,4.50937076,4.73824006,5.03117647,6.83432352,6.59708312,7.11523213,9.21899487,5.70573068,5.88818905,6.38869275,7.57575858,6.1011931,6.59836446,5.9816923,6.90485081,6.58360932,6.02303023,7.44076728,6.97902701,6.31959349
1637107200000,"11/17/2021, 12:00:00 AM",4.07384532,4.21220997,4.42058521,4.70271409,6.43306344,6.17901624,6.63696052,8.67176284,5.35564993,5.51545069,5.96597681,7.11257217,5.73053051,6.19423604,5.60842778,6.4582135,6.16610176,5.63496723,6.98068843,6.54979604,5.92273794
1637193600000,"11/18/2021, 12:00:00 AM",4.0954367,4.24462799,4.45224305,4.73990413,6.44664522,6.25928417,6.68120605,8.75579641,5.37225024,5.56516355,6.00567538,7.17356564,5.74535998,6.22552171,5.64194374,6.50020909,6.19744563,5.66651809,7.02956629,6.59124598,5.96186835
1637280000000,"11/19/2021, 12:00:00 AM",3.84285133,3.97401005,4.17098493,4.43707086,6.07772701,5.87063519,6.28188775,8.18772292,5.05688228,5.21705958,5.63877017,6.71568353,5.41586788,5.8420122,5.29772677,6.09775741,5.82494818,5.32074741,6.58572608,6.18574828,5.59134749
1637366400000,"11/20/2021, 12:00:00 AM",4.08244782,4.23557552,4.45433148,4.74033954,6.38714651,6.23190833,6.72119194,8.72193651,5.33498661,5.53986615,6.01697597,7.15634934,5.69785863,6.18558998,5.60567504,6.49303662,6.17873935,5.64705673,7.00461261,6.56468191,5.93651365
1637452800000,"11/21/2021, 12:00:00 AM",4.17663665,4.34257597,4.56301965,4.86074494,6.49259256,6.38296387,6.86463224,8.96563545,5.43709097,5.67357392,6.15205302,7.3450665,5.80836142,6.32546922,5.73810313,6.64144162,6.31536554,5.77957761,7.17785606,6.72361533,6.08576495
1637539200000,"11/22/2021, 12:00:00 AM",4.14696547,4.32352248,4.54835209,4.85075789,6.50274858,6.43394401,6.88315571,8.99445089,5.4293568,5.68984627,6.16404972,7.36327883,5.80322415,6.34160948,5.7349399,6.66142871,6.32882371,5.77140398,7.19325026,6.73505428,6.07607691
1637625600000,"11/23/2021, 12:00:00 AM",3.94724709,4.12542509,4.35268549,4.64814997,6.24215487,6.17496577,6.64556684,8.64392757,5.19222483,5.4539379,5.93545996,7.0829373,5.54418647,6.08181072,5.48755625,6.42388157,6.08299262,5.5309264,6.92306439,6.4732872,5.82364734
1637712000000,"11/24/2021, 12:00:00 AM",4.09993482,4.28041308,4.51295758,4.81908002,6.36674159,6.35405573,6.85849244,8.92010946,5.33132651,5.6126722,6.11769724,7.30834594,5.68697088,6.22678808,5.6429103,6.58987561,6.24161119,5.70115477,7.11646327,6.65760896,6.01315309
1637798400000,"11/25/2021, 12:00:00 AM",3.99490073,4.15778006,4.40710493,4.72864014,6.17535532,6.1368922,6.79888309,8.90549867,5.17915858,5.42988193,6.01429128,7.2527794,5.52723117,6.02384653,5.47331552,6.44489925,6.0946375,5.57330506,7.00580974,6.5468733,5.91248191
1637884800000,"11/26/2021, 12:00:00 AM",4.15579919,4.32257295,4.58063269,4.91004011,6.31707216,6.32523509,7.04954316,9.22374395,5.33201143,5.60175512,6.22293986,7.50185956,5.68572489,6.18869078,5.64500719,6.6385716,6.28547341,5.76320789,7.21857651,6.75096286,6.1168364
1637971200000,"11/27/2021, 12:00:00 AM",3.80112719,3.94520116,4.1845148,4.49527726,5.8554271,5.78737107,6.46068988,8.49583269,4.9217885,5.13445885,5.70579054,6.903518,5.26053888,5.70593923,5.1881331,6.09765634,5.78735104,5.28603677,6.64702764,6.22035356,5.61390243
1638057600000,"11/28/2021, 12:00:00 AM",3.83201375,3.99108873,4.22988122,4.54230749,5.89489328,5.88125135,6.52565915,8.58805406,4.95745124,5.20709815,5.76885097,6.97752477,5.29951481,5.77909721,5.25131236,6.17313077,5.85374711,5.34454278,6.71901599,6.28649505,5.67363777
1638144000000,"11/29/2021, 12:00:00 AM",3.97003386,4.12734915,4.36794766,4.68089585,6.04485959,6.0344817,6.70940884,8.80555377,5.10304377,5.35382876,5.93216193,7.15888389,5.4556414,5.931,5.40978752,6.33576862,6.0129052,5.51189147,6.89273853,6.45580079,5.84852436
1638230400000,"11/30/2021, 12:00:00 AM",4.08239515,4.25450858,4.49111005,4.80670992,6.18079555,6.22096028,6.84807702,8.97597721,5.22593919,5.51169436,6.06954693,7.30954626,5.57625252,6.08602505,5.55396667,6.48780609,6.15095606,5.64660653,7.043306,6.59786159,5.98593731
1638316800000,"12/1/2021, 12:00:00 AM",4.18182703,4.37104269,4.59253905,4.8972076,6.21526385,6.32608406,6.86565713,8.95440897,5.29155961,5.61966473,6.12516125,7.33083929,5.63424324,6.1797388,5.65232842,6.55240941,6.21546662,5.72534331,7.08145367,6.64686245,6.05239348
1638403200000,"12/2/2021, 12:00:00 AM",4.1876967,4.38542018,4.59988682,4.89505483,6.25197706,6.41323985,6.85984754,8.8834065,5.32268196,5.67402873,6.13960576,7.30387943,5.68788457,6.25711653,5.70159051,6.57795361,6.25961875,5.75114641,7.08885467,6.66554209,6.05861678
1638489600000,"12/3/2021, 12:00:00 AM",4.18060892,4.36320666,4.57836761,4.86487258,6.29037888,6.3657046,6.82486374,8.79271047,5.33989785,5.6448326,6.11168981,7.24081997,5.7046228,6.24500866,5.6808159,6.55079684,6.24154291,5.72686657,7.05015411,6.628783,6.01889039
1638576000000,"12/4/2021, 12:00:00 AM",3.95020229,4.1403609,4.35284287,4.62578792,5.9966034,6.11903368,6.54225917,8.39358267,5.07368025,5.40027903,5.8511509,6.91512505,5.42411838,5.97308985,5.41821041,6.28407873,5.97378295,5.46183588,6.74155823,6.33287685,5.73306974
1638662400000,"12/5/2021, 12:00:00 AM",3.81168192,3.97072287,4.14461513,4.37348853,5.76242473,5.74495864,6.0385932,7.6337981,4.87997833,5.12091443,5.46692111,6.36886891,5.20618795,5.67597291,5.15853429,5.88519667,5.63784872,5.16270754,6.27126862,5.92439517,5.38086168
1638748800000,"12/6/2021, 12:00:00 AM",3.82529047,3.96534977,4.11226419,4.3177446,5.63714925,5.61290722,5.81914404,7.34494151,4.82894524,5.0404544,5.32077732,6.16369038,5.16851709,5.57512711,5.10996875,5.71063591,5.52449723,5.0948151,6.08265293,5.78651998,5.29518471
1638835200000,"12/7/2021, 12:00:00 AM",3.92410441,4.0788001,4.23637057,4.45626143,5.70608257,5.7667902,6.00649529,7.61742537,4.91437457,5.17036615,5.48046368,6.37750374,5.25558641,5.69642325,5.22854412,5.87099534,5.66519353,5.2298005,6.2679049,5.94972357,5.4503988
1638921600000,"12/8/2021, 12:00:00 AM",3.90679963,4.06081198,4.2235725,4.44916039,5.73144352,5.77822336,6.04071594,7.67063249,4.91501713,5.16730295,5.49292415,6.40659175,5.25367372,5.69019458,5.22067618,5.88424511,5.66638767,5.22680526,6.28421264,5.96150208,5.45356057
1639008000000,"12/9/2021, 12:00:00 AM",4.00748766,4.16351529,4.33811683,4.5696472,5.85310998,5.89690404,6.21606695,7.86965831,5.02424169,5.27796777,5.63840386,6.56899265,5.35611011,5.80465225,5.32293988,6.02666956,5.79601519,5.342601,6.43110625,6.09412907,5.57401011
1639094400000,"12/10/2021, 12:00:00 AM",3.81938511,3.96049026,4.12101617,4.32842226,5.60336446,5.58734111,5.86989647,7.35430612,4.81083392,5.02322839,5.34541939,6.17729804,5.14756851,5.55447356,5.08766346,5.72190843,5.53473831,5.08902915,6.09086262,5.78873937,5.28727561
1639180800000,"12/11/2021, 12:00:00 AM",3.63216206,3.77448861,3.93459164,4.135536,5.35491788,5.37934529,5.67416137,7.11227946,4.59610596,4.82113169,5.14817398,5.95576808,4.94267968,5.33588385,4.89112481,5.51098167,5.33517458,4.89576448,5.86539011,5.57945937,5.0867611
1639267200000,"12/12/2021, 12:00:00 AM",3.73623377,3.88122914,4.05072769,4.26296376,5.48996038,5.52517157,5.86161096,7.36750446,4.71813035,4.95134184,5.30761109,6.15936479,5.07039618,5.47586207,5.0232796,5.67795143,5.48161261,5.04056343,6.0575115,5.74919108,5.2478647
1639353600000,"12/13/2021, 12:00:00 AM",3.77698237,3.92765918,4.09704839,4.31167855,5.56747895,5.61049443,5.93400461,7.46683385,4.77398602,5.01934441,5.37238669,6.23698078,5.12277647,5.54516457,5.08460698,5.75404831,5.5436157,5.09997351,6.13155495,5.81590186,5.31043097
1639440000000,"12/14/2021, 12:00:00 AM",3.50829138,3.63693886,3.78862821,3.97879525,5.18148554,5.16632215,5.44663372,6.84089778,4.45169036,4.64549394,4.95443161,5.72984998,4.80903429,5.1545227,4.73884122,5.30797426,5.15948936,4.73695065,5.65393318,5.39266008,4.91706581
1639526400000,"12/15/2021, 12:00:00 AM",3.58128643,3.72899781,3.88204177,4.07820863,5.36562074,5.37537375,5.5986765,7.0334637,4.5724013,4.80437135,5.09890849,5.89540671,4.92120523,5.3243797,4.8753707,5.4913269,5.30136497,4.86641994,5.83289135,5.54522256,5.0516802
1639612800000,"12/16/2021, 12:00:00 AM",3.70153028,3.86186701,4.02463811,4.23636174,5.49261339,5.54079489,5.80343037,7.33226949,4.69940917,4.95854028,5.27876629,6.13173935,5.05081194,5.49253144,5.02334816,5.67838804,5.46812092,5.02304782,6.04704453,5.73752185,5.22643992
1639699200000,"12/17/2021, 12:00:00 AM",3.65232228,3.81098637,3.96356578,4.16782324,5.39114219,5.44048803,5.66360214,7.15247292,4.62325483,4.87901946,5.17034624,5.99671581,4.97024474,5.40338341,4.946003,5.56578876,5.36960313,4.93593494,5.92353964,5.62840968,5.13134103
1639785600000,"12/18/2021, 12:00:00 AM",3.6218801,3.7806388,3.92631468,4.13797515,5.4013061,5.41994123,5.58589788,7.14860445,4.60928825,4.85524242,5.11604451,5.97438261,4.94568102,5.38132998,4.9114211,5.52430065,5.33057084,4.88662382,5.89498524,5.59694637,5.08823818
1639872000000,"12/19/2021, 12:00:00 AM",3.69516395,3.86631227,4.01815277,4.23431403,5.53098983,5.56088431,5.73038327,7.31406404,4.70956375,4.97599629,5.24599538,6.11643821,5.04271789,5.5171481,5.0219607,5.67549071,5.45623826,4.99794491,6.04286366,5.72653448,5.20152706
1639958400000,"12/20/2021, 12:00:00 AM",3.67388886,3.83984181,3.99170095,4.19998395,5.51427733,5.52834401,5.70004427,7.20487854,4.690165,4.9451743,5.21603179,6.04784168,5.02224614,5.4836508,4.99208479,5.64055229,5.42463207,4.96874349,5.99217946,5.68182057,5.16163615
1640044800000,"12/21/2021, 12:00:00 AM",3.70920522,3.86815205,4.01036507,4.21744325,5.5993755,5.56615476,5.68006087,7.21560204,4.74694254,4.98051767,5.21885286,6.05717404,5.07324145,5.52011527,5.02750246,5.65687834,5.44409451,4.99054465,6.01070686,5.70070586,5.18300316
1640131200000,"12/22/2021, 12:00:00 AM",3.78575329,3.95689534,4.10720476,4.32784739,5.77643112,5.75539911,5.88033007,7.4918193,4.8705349,5.12812917,5.38356413,6.27072304,5.19444676,5.67794893,5.16154049,5.84887172,5.59786227,5.12852797,6.2173713,5.87540566,5.33668551
1640217600000,"12/23/2021, 12:00:00 AM",3.76852381,3.96096703,4.1274173,4.3531088,5.76798895,5.82185814,5.99926653,7.59660824,4.86013379,5.16570727,5.46078815,6.34978538,5.18522821,5.7186206,5.17995592,5.92847486,5.65246869,5.15999996,6.29030081,5.92944608,5.36773301
1640304000000,"12/24/2021, 12:00:00 AM",3.89429424,4.10720276,4.29769091,4.53827723,6.03207932,6.11647188,6.35945147,8.00479228,5.05400294,5.39835483,5.74997354,6.67860945,5.37859566,5.96855293,5.38897479,6.24421285,5.91606459,5.38598678,6.60979942,6.20762531,5.60465732
1640390400000,"12/25/2021, 12:00:00 AM",3.83782652,4.04376522,4.22893698,4.47157157,5.92551456,6.02758677,6.2486131,7.93053597,4.97329987,5.31353762,5.65387098,6.59956892,5.30470497,5.87243856,5.31189429,6.13349414,5.82352489,5.30831518,6.50974178,6.12472193,5.53421295
1640476800000,"12/26/2021, 12:00:00 AM",3.89386284,4.10969233,4.30897228,4.56214242,6.02219099,6.1369493,6.41187581,8.14087992,5.04799714,5.40474973,5.78078088,6.75735674,5.37209168,5.96487172,5.38748633,6.26408855,5.92923675,5.39598507,6.64686386,6.24157323,5.63023743
1640563200000,"12/27/2021, 12:00:00 AM",3.89703372,4.11833681,4.32760675,4.583516,6.08840004,6.19731914,6.49069016,8.20723123,5.08200687,5.44486877,5.83996352,6.81481475,5.40417899,6.01176777,5.41744745,6.33583675,5.98271889,5.43099064,6.70866624,6.29280649,5.66355634
1640649600000,"12/28/2021, 12:00:00 AM",3.88057083,4.10061244,4.31322382,4.58419354,6.05590435,6.18070163,6.5046666,8.31688862,5.06051911,5.42495917,5.8355464,6.86814612,5.38524192,5.99558945,5.39595894,6.31845652,5.96900128,5.41476768,6.73114688,6.30427417,5.66622235
1640736000000,"12/29/2021, 12:00:00 AM",3.68218658,3.87882475,4.07558221,4.32200454,5.72905678,5.79837286,6.10264036,7.7667825,4.79882685,5.11241528,5.49038964,6.4339094,5.1215182,5.66479249,5.1061521,5.94067021,5.64143121,5.11549603,6.32188985,5.94050763,5.33980335
1640822400000,"12/30/2021, 12:00:00 AM",3.53772281,3.73098604,3.92562181,4.16520189,5.52292318,5.62134938,5.91509157,7.52373003,4.62526664,4.9396504,5.31229881,6.22601457,4.95184942,5.47293091,4.93266347,5.74170923,5.46233818,4.94204335,6.11063276,5.74974585,5.1575991
1640908800000,"12/31/2021, 12:00:00 AM",3.5973135,3.79250025,3.99283596,4.23864368,5.60917856,5.71937237,6.02112326,7.67261268,4.6977243,5.01941542,5.40487216,6.3435137,5.02630173,5.55379677,5.00946101,5.83903969,5.5489016,5.02545216,6.21818119,5.84752523,5.24941989
